"0","data_ohneaffx
"
"1","                  "
"1"," GSM456661.CEL.gz"
"1"," GSM456662.CEL.gz"
"1"," GSM456663.CEL.gz"
"1","
ENSMUST00000000001"
"1","        10.426372"
"1","        10.304823"
"1","        10.538522"
"1","
ENSMUST00000000003"
"1","         3.975938"
"1","         4.279759"
"1","         3.975445"
"1","
ENSMUST00000000010"
"1","         5.284202"
"1","         5.497243"
"1","         5.190190"
"1","
ENSMUST00000000028"
"1","         7.730717"
"1","         7.649501"
"1","         7.847605"
"1","
ENSMUST00000000033"
"1","         5.361798"
"1","         5.351152"
"1","         5.243641"
"1","
ENSMUST00000000049"
"1","         5.658450"
"1","         5.687478"
"1","         5.688040"
"1","
ENSMUST00000000058"
"1","         4.698010"
"1","         4.643771"
"1","         4.635011"
"1","
ENSMUST00000000080"
"1","         4.867973"
"1","         4.951568"
"1","         4.923452"
"1","
ENSMUST00000000087"
"1","         7.340142"
"1","         7.229999"
"1","         7.631023"
"1","
ENSMUST00000000090"
"1","        11.641989"
"1","        11.457794"
"1","        11.515079"
"1","
ENSMUST00000000094"
"1","         8.067660"
"1","         7.938844"
"1","         7.955724"
"1","
ENSMUST00000000095"
"1","         4.309875"
"1","         4.538205"
"1","         4.622201"
"1","
ENSMUST00000000096"
"1","         5.576553"
"1","         5.905150"
"1","         5.986624"
"1","
ENSMUST00000000109"
"1","         6.417005"
"1","         6.434074"
"1","         6.796854"
"1","
ENSMUST00000000122"
"1","         5.499399"
"1","         5.441333"
"1","         5.560017"
"1","
ENSMUST00000000127"
"1","         2.881492"
"1","         3.097842"
"1","         3.138499"
"1","
ENSMUST00000000128"
"1","         5.021824"
"1","         5.020032"
"1","         5.037932"
"1","
ENSMUST00000000129"
"1","         5.346265"
"1","         5.718746"
"1","         5.583738"
"1","
ENSMUST00000000137"
"1","         9.497219"
"1","         9.260832"
"1","         9.397589"
"1","
ENSMUST00000000145"
"1","         4.925106"
"1","         4.824797"
"1","         4.881805"
"1","
ENSMUST00000000153"
"1","         6.202863"
"1","         6.136779"
"1","         6.173521"
"1","
ENSMUST00000000161"
"1","         5.074681"
"1","         5.298984"
"1","         5.263644"
"1","
ENSMUST00000000163"
"1","         5.617492"
"1","         5.476516"
"1","         5.561270"
"1","
ENSMUST00000000175"
"1","         7.049981"
"1","         7.045631"
"1","         7.183051"
"1","
ENSMUST00000000186"
"1","         5.254907"
"1","         5.374042"
"1","         5.416900"
"1","
ENSMUST00000000187"
"1","         5.828332"
"1","         5.468258"
"1","         5.722488"
"1","
ENSMUST00000000188"
"1","         4.562145"
"1","         4.583841"
"1","         4.638445"
"1","
ENSMUST00000000193"
"1","         5.879201"
"1","         5.638721"
"1","         5.912073"
"1","
ENSMUST00000000194"
"1","         4.254461"
"1","         4.255535"
"1","         4.500567"
"1","
ENSMUST00000000199"
"1","         5.433909"
"1","         5.331202"
"1","         5.554425"
"1","
ENSMUST00000000206"
"1","         4.592750"
"1","         4.608174"
"1","         4.283007"
"1","
ENSMUST00000000208"
"1","         4.328152"
"1","         4.353590"
"1","         4.139303"
"1","
ENSMUST00000000219"
"1","         6.582779"
"1","         6.900931"
"1","         6.947273"
"1","
ENSMUST00000000220"
"1","         6.877855"
"1","         7.100935"
"1","         6.959708"
"1","
ENSMUST00000000221"
"1","         5.778870"
"1","         5.535398"
"1","         5.747826"
"1","
ENSMUST00000000253"
"1","         5.022958"
"1","         5.156645"
"1","         5.305026"
"1","
ENSMUST00000000254"
"1","         3.930663"
"1","         3.950554"
"1","         4.133042"
"1","
ENSMUST00000000260"
"1","         6.559494"
"1","         6.242515"
"1","         6.341955"
"1","
ENSMUST00000000266"
"1","         4.551277"
"1","         4.406768"
"1","         4.519393"
"1","
ENSMUST00000000275"
"1","         4.783618"
"1","         5.190139"
"1","         4.638544"
"1","
ENSMUST00000000284"
"1","         4.403359"
"1","         4.875044"
"1","         4.161340"
"1","
ENSMUST00000000285"
"1","         5.776844"
"1","         5.805342"
"1","         5.860479"
"1","
ENSMUST00000000287"
"1","         8.069827"
"1","         7.964256"
"1","         8.111187"
"1","
ENSMUST00000000291"
"1","         6.200978"
"1","         6.366629"
"1","         5.957499"
"1","
ENSMUST00000000299"
"1","         5.161926"
"1","         5.059508"
"1","         5.277019"
"1","
ENSMUST00000000304"
"1","         5.125926"
"1","         4.974563"
"1","         4.361908"
"1","
ENSMUST00000000305"
"1","         6.018674"
"1","         5.997767"
"1","         5.847592"
"1","
ENSMUST00000000310"
"1","         6.430624"
"1","         6.376188"
"1","         6.584684"
"1","
ENSMUST00000000312"
"1","         9.124446"
"1","         8.802183"
"1","         9.097562"
"1","
ENSMUST00000000314"
"1","         5.606551"
"1","         5.199308"
"1","         5.368618"
"1","
ENSMUST00000000317"
"1","         4.538440"
"1","         4.496360"
"1","         4.553139"
"1","
ENSMUST00000000326"
"1","         5.375882"
"1","         5.425599"
"1","         5.356096"
"1","
ENSMUST00000000327"
"1","         8.016540"
"1","         7.889772"
"1","         7.896527"
"1","
ENSMUST00000000329"
"1","         4.954064"
"1","         4.855448"
"1","         5.116946"
"1","
ENSMUST00000000335"
"1","         6.534544"
"1","         6.398204"
"1","         6.680922"
"1","
ENSMUST00000000342"
"1","         4.389327"
"1","         4.488465"
"1","         4.636960"
"1","
ENSMUST00000000348"
"1","         8.731533"
"1","         8.776683"
"1","         8.902871"
"1","
ENSMUST00000000349"
"1","         4.491305"
"1","         4.427833"
"1","         4.674237"
"1","
ENSMUST00000000356"
"1","         9.830568"
"1","         9.813444"
"1","        10.250614"
"1","
ENSMUST00000000365"
"1","         5.334197"
"1","         5.159897"
"1","         5.346715"
"1","
ENSMUST00000000369"
"1","         5.544554"
"1","         5.341556"
"1","         5.325666"
"1","
ENSMUST00000000384"
"1","        10.321328"
"1","        10.226378"
"1","        10.628151"
"1","
ENSMUST00000000388"
"1","         6.071122"
"1","         6.035375"
"1","         5.716842"
"1","
ENSMUST00000000394"
"1","         6.982465"
"1","         6.828720"
"1","         6.789794"
"1","
ENSMUST00000000395"
"1","         5.778820"
"1","         5.653712"
"1","         5.780957"
"1","
ENSMUST00000000402"
"1","         4.591209"
"1","         4.486063"
"1","         4.681435"
"1","
"
"1","                  "
"1"," GSM456664.CEL.gz"
"1"," GSM456665.CEL.gz"
"1"," GSM456667.CEL.gz"
"1","
ENSMUST00000000001"
"1","         6.719294"
"1","         7.659307"
"1","         7.879049"
"1","
ENSMUST00000000003"
"1","         4.392164"
"1","         4.041209"
"1","         4.207879"
"1","
ENSMUST00000000010"
"1","         5.504037"
"1","         5.446560"
"1","         5.246230"
"1","
ENSMUST00000000028"
"1","         7.563220"
"1","         7.752345"
"1","         8.430970"
"1","
ENSMUST00000000033"
"1","         5.491844"
"1","         5.406050"
"1","         5.408572"
"1","
ENSMUST00000000049"
"1","         5.781583"
"1","         5.744457"
"1","         5.744457"
"1","
ENSMUST00000000058"
"1","         4.774545"
"1","         4.621426"
"1","         4.594998"
"1","
ENSMUST00000000080"
"1","         5.041308"
"1","         4.936979"
"1","         5.012894"
"1","
ENSMUST00000000087"
"1","         8.375689"
"1","         8.488774"
"1","         6.882776"
"1","
ENSMUST00000000090"
"1","        11.013528"
"1","        11.236218"
"1","        11.364101"
"1","
ENSMUST00000000094"
"1","         8.320261"
"1","         7.999263"
"1","         6.667813"
"1","
ENSMUST00000000095"
"1","         4.563734"
"1","         4.534918"
"1","         4.745818"
"1","
ENSMUST00000000096"
"1","         5.449233"
"1","         5.082796"
"1","         5.103821"
"1","
ENSMUST00000000109"
"1","         5.356005"
"1","         5.783203"
"1","         5.461402"
"1","
ENSMUST00000000122"
"1","         5.611095"
"1","         5.689344"
"1","         5.703539"
"1","
ENSMUST00000000127"
"1","         2.879173"
"1","         2.856455"
"1","         2.641505"
"1","
ENSMUST00000000128"
"1","         4.853440"
"1","         4.978379"
"1","         5.044951"
"1","
ENSMUST00000000129"
"1","         5.034704"
"1","         5.219773"
"1","         4.958143"
"1","
ENSMUST00000000137"
"1","         8.062078"
"1","         8.623965"
"1","         8.633640"
"1","
ENSMUST00000000145"
"1","         4.612636"
"1","         4.505886"
"1","         4.636194"
"1","
ENSMUST00000000153"
"1","         6.330299"
"1","         6.351828"
"1","         6.324307"
"1","
ENSMUST00000000161"
"1","         5.720557"
"1","         5.298984"
"1","         5.352068"
"1","
ENSMUST00000000163"
"1","         5.522520"
"1","         5.467025"
"1","         5.434742"
"1","
ENSMUST00000000175"
"1","         6.052767"
"1","         6.226342"
"1","         6.600697"
"1","
ENSMUST00000000186"
"1","         5.628230"
"1","         5.202557"
"1","         5.427736"
"1","
ENSMUST00000000187"
"1","         6.139827"
"1","         5.606595"
"1","         5.947626"
"1","
ENSMUST00000000188"
"1","         4.783627"
"1","         4.644554"
"1","         4.666938"
"1","
ENSMUST00000000193"
"1","         6.063634"
"1","         5.983851"
"1","         6.005629"
"1","
ENSMUST00000000194"
"1","         4.336040"
"1","         4.252866"
"1","         4.313674"
"1","
ENSMUST00000000199"
"1","         5.483023"
"1","         5.295308"
"1","         5.349728"
"1","
ENSMUST00000000206"
"1","         4.773049"
"1","         4.562102"
"1","         4.529654"
"1","
ENSMUST00000000208"
"1","         4.088734"
"1","         4.123461"
"1","         4.294158"
"1","
ENSMUST00000000219"
"1","         6.512471"
"1","         6.668050"
"1","         6.263650"
"1","
ENSMUST00000000220"
"1","         6.850471"
"1","         6.861658"
"1","         6.804764"
"1","
ENSMUST00000000221"
"1","         5.796278"
"1","         5.774697"
"1","         5.808757"
"1","
ENSMUST00000000253"
"1","         5.482783"
"1","         5.364838"
"1","         4.314014"
"1","
ENSMUST00000000254"
"1","         4.138745"
"1","         4.105746"
"1","         4.384413"
"1","
ENSMUST00000000260"
"1","         5.803300"
"1","         5.727258"
"1","         5.676151"
"1","
ENSMUST00000000266"
"1","         4.274948"
"1","         4.328974"
"1","         4.290391"
"1","
ENSMUST00000000275"
"1","         4.918595"
"1","         4.860587"
"1","         4.729957"
"1","
ENSMUST00000000284"
"1","         6.421981"
"1","         6.702556"
"1","         7.142518"
"1","
ENSMUST00000000285"
"1","         8.172328"
"1","         8.500594"
"1","         8.200624"
"1","
ENSMUST00000000287"
"1","         8.264630"
"1","         8.215672"
"1","         8.489428"
"1","
ENSMUST00000000291"
"1","         6.522930"
"1","         6.254654"
"1","         6.696273"
"1","
ENSMUST00000000299"
"1","         5.204914"
"1","         4.996918"
"1","         5.415626"
"1","
ENSMUST00000000304"
"1","         5.414646"
"1","         5.371790"
"1","         5.544712"
"1","
ENSMUST00000000305"
"1","         5.509058"
"1","         5.701734"
"1","         5.621942"
"1","
ENSMUST00000000310"
"1","         6.927648"
"1","         6.584415"
"1","         7.331380"
"1","
ENSMUST00000000312"
"1","         4.884067"
"1","         5.394649"
"1","         5.917051"
"1","
ENSMUST00000000314"
"1","         5.591382"
"1","         5.324754"
"1","         4.578190"
"1","
ENSMUST00000000317"
"1","         4.472350"
"1","         4.496344"
"1","         5.044242"
"1","
ENSMUST00000000326"
"1","         5.595068"
"1","         5.334937"
"1","         5.458264"
"1","
ENSMUST00000000327"
"1","         8.102621"
"1","         7.937561"
"1","         8.142234"
"1","
ENSMUST00000000329"
"1","         5.302924"
"1","         5.521245"
"1","         5.400835"
"1","
ENSMUST00000000335"
"1","         6.590995"
"1","         6.576189"
"1","         6.739794"
"1","
ENSMUST00000000342"
"1","         4.508030"
"1","         4.445323"
"1","         3.988713"
"1","
ENSMUST00000000348"
"1","         7.656923"
"1","         8.176382"
"1","         7.798014"
"1","
ENSMUST00000000349"
"1","         5.369717"
"1","         5.802323"
"1","         5.803716"
"1","
ENSMUST00000000356"
"1","         7.643348"
"1","         8.232798"
"1","         7.902764"
"1","
ENSMUST00000000365"
"1","         5.098007"
"1","         5.104990"
"1","         6.149886"
"1","
ENSMUST00000000369"
"1","         5.271159"
"1","         5.355244"
"1","         5.306432"
"1","
ENSMUST00000000384"
"1","         9.868818"
"1","         9.952218"
"1","        10.158640"
"1","
ENSMUST00000000388"
"1","         7.496232"
"1","         7.329711"
"1","         7.708734"
"1","
ENSMUST00000000394"
"1","         7.401981"
"1","         7.325382"
"1","         7.515099"
"1","
ENSMUST00000000395"
"1","         5.675349"
"1","         5.744159"
"1","         5.849300"
"1","
ENSMUST00000000402"
"1","         4.546739"
"1","         4.048571"
"1","         4.615611"
"1","
"
"1","                  "
"1"," GSM456668.CEL.gz"
"1"," GSM456669.CEL.gz"
"1"," GSM456670.CEL.gz"
"1","
ENSMUST00000000001"
"1","         8.203356"
"1","         8.592858"
"1","         8.319523"
"1","
ENSMUST00000000003"
"1","         4.574461"
"1","         4.085436"
"1","         4.265507"
"1","
ENSMUST00000000010"
"1","         5.320199"
"1","         5.331657"
"1","         5.332750"
"1","
ENSMUST00000000028"
"1","         8.448951"
"1","         7.974316"
"1","         6.608633"
"1","
ENSMUST00000000033"
"1","         5.406050"
"1","         5.406050"
"1","         5.302487"
"1","
ENSMUST00000000049"
"1","         5.728951"
"1","         5.571461"
"1","         5.642461"
"1","
ENSMUST00000000058"
"1","         5.134679"
"1","         4.843256"
"1","         5.381415"
"1","
ENSMUST00000000080"
"1","         5.026028"
"1","         4.867455"
"1","         5.041308"
"1","
ENSMUST00000000087"
"1","         6.549769"
"1","         7.018462"
"1","         6.183390"
"1","
ENSMUST00000000090"
"1","        11.724867"
"1","        11.569997"
"1","        12.064701"
"1","
ENSMUST00000000094"
"1","         6.666017"
"1","         7.135781"
"1","         6.647454"
"1","
ENSMUST00000000095"
"1","         4.844831"
"1","         4.379586"
"1","         4.500094"
"1","
ENSMUST00000000096"
"1","         5.138109"
"1","         4.940411"
"1","         4.829095"
"1","
ENSMUST00000000109"
"1","         5.298516"
"1","         5.343028"
"1","         4.881200"
"1","
ENSMUST00000000122"
"1","         5.560017"
"1","         5.586138"
"1","         5.715666"
"1","
ENSMUST00000000127"
"1","         2.723855"
"1","         2.568907"
"1","         2.714171"
"1","
ENSMUST00000000128"
"1","         4.789186"
"1","         4.934591"
"1","         4.828464"
"1","
ENSMUST00000000129"
"1","         4.979782"
"1","         4.863929"
"1","         4.850834"
"1","
ENSMUST00000000137"
"1","         8.678419"
"1","         8.723736"
"1","         9.290704"
"1","
ENSMUST00000000145"
"1","         4.613552"
"1","         4.454214"
"1","         4.563006"
"1","
ENSMUST00000000153"
"1","         6.059288"
"1","         6.288337"
"1","         5.895719"
"1","
ENSMUST00000000161"
"1","         5.298984"
"1","         5.449832"
"1","         5.394916"
"1","
ENSMUST00000000163"
"1","         5.506006"
"1","         5.522520"
"1","         5.379060"
"1","
ENSMUST00000000175"
"1","         6.830446"
"1","         6.559448"
"1","         6.790681"
"1","
ENSMUST00000000186"
"1","         5.288913"
"1","         5.316266"
"1","         5.375153"
"1","
ENSMUST00000000187"
"1","         6.220258"
"1","         6.098641"
"1","         6.032856"
"1","
ENSMUST00000000188"
"1","         4.619312"
"1","         4.742553"
"1","         4.573574"
"1","
ENSMUST00000000193"
"1","         6.153962"
"1","         6.037468"
"1","         5.946707"
"1","
ENSMUST00000000194"
"1","         4.258637"
"1","         4.271675"
"1","         4.517983"
"1","
ENSMUST00000000199"
"1","         5.306662"
"1","         5.271550"
"1","         5.349728"
"1","
ENSMUST00000000206"
"1","         4.987328"
"1","         4.535867"
"1","         4.576681"
"1","
ENSMUST00000000208"
"1","         4.206063"
"1","         4.034017"
"1","         4.307324"
"1","
ENSMUST00000000219"
"1","         5.944165"
"1","         6.147230"
"1","         6.027330"
"1","
ENSMUST00000000220"
"1","         6.829293"
"1","         6.738117"
"1","         6.646220"
"1","
ENSMUST00000000221"
"1","         5.747826"
"1","         5.878476"
"1","         5.622386"
"1","
ENSMUST00000000253"
"1","         4.780183"
"1","         4.812072"
"1","         4.690756"
"1","
ENSMUST00000000254"
"1","         4.171075"
"1","         4.226344"
"1","         3.826336"
"1","
ENSMUST00000000260"
"1","         5.338580"
"1","         5.775278"
"1","         5.501374"
"1","
ENSMUST00000000266"
"1","         4.110373"
"1","         4.333352"
"1","         4.070037"
"1","
ENSMUST00000000275"
"1","         4.649322"
"1","         4.681351"
"1","         4.811810"
"1","
ENSMUST00000000284"
"1","         7.202446"
"1","         7.509383"
"1","         7.785769"
"1","
ENSMUST00000000285"
"1","         7.883352"
"1","         8.187781"
"1","         6.219373"
"1","
ENSMUST00000000287"
"1","         8.452234"
"1","         8.080363"
"1","         8.530326"
"1","
ENSMUST00000000291"
"1","         6.615764"
"1","         6.691687"
"1","         6.350987"
"1","
ENSMUST00000000299"
"1","         5.183038"
"1","         5.204853"
"1","         5.161926"
"1","
ENSMUST00000000304"
"1","         5.675386"
"1","         5.630615"
"1","         5.939417"
"1","
ENSMUST00000000305"
"1","         5.442154"
"1","         5.668125"
"1","         5.147342"
"1","
ENSMUST00000000310"
"1","         7.393747"
"1","         7.025360"
"1","         7.832610"
"1","
ENSMUST00000000312"
"1","         6.500123"
"1","         5.995348"
"1","         9.575549"
"1","
ENSMUST00000000314"
"1","         4.267342"
"1","         4.897797"
"1","         4.151328"
"1","
ENSMUST00000000317"
"1","         5.043166"
"1","         4.856627"
"1","         5.501138"
"1","
ENSMUST00000000326"
"1","         5.629384"
"1","         5.502385"
"1","         5.600196"
"1","
ENSMUST00000000327"
"1","         8.954616"
"1","         8.057386"
"1","         7.674858"
"1","
ENSMUST00000000329"
"1","         5.391446"
"1","         5.261570"
"1","         5.405829"
"1","
ENSMUST00000000335"
"1","         6.591196"
"1","         6.576038"
"1","         6.865884"
"1","
ENSMUST00000000342"
"1","         4.298956"
"1","         4.064732"
"1","         4.129800"
"1","
ENSMUST00000000348"
"1","         8.264364"
"1","         8.194436"
"1","         7.936660"
"1","
ENSMUST00000000349"
"1","         6.488550"
"1","         5.671948"
"1","         5.890820"
"1","
ENSMUST00000000356"
"1","         7.776717"
"1","         7.926969"
"1","         8.485643"
"1","
ENSMUST00000000365"
"1","         5.948429"
"1","         5.940138"
"1","         6.901642"
"1","
ENSMUST00000000369"
"1","         5.358527"
"1","         5.513186"
"1","         5.252835"
"1","
ENSMUST00000000384"
"1","         9.613028"
"1","        10.592220"
"1","         8.812841"
"1","
ENSMUST00000000388"
"1","         8.179579"
"1","         7.474699"
"1","         6.389871"
"1","
ENSMUST00000000394"
"1","         7.279852"
"1","         7.321405"
"1","         7.572335"
"1","
ENSMUST00000000395"
"1","         5.770754"
"1","         5.939578"
"1","         5.784506"
"1","
ENSMUST00000000402"
"1","         4.359420"
"1","         4.640062"
"1","         4.901797"
"1","
"
"1","                  "
"1"," GSM456671.CEL.gz"
"1"," GSM456672.CEL.gz"
"1"," GSM456673.CEL.gz"
"1","
ENSMUST00000000001"
"1","         8.019618"
"1","         8.333740"
"1","         9.183878"
"1","
ENSMUST00000000003"
"1","         4.251422"
"1","         4.233329"
"1","         4.839804"
"1","
ENSMUST00000000010"
"1","         5.394583"
"1","         5.395878"
"1","         5.478423"
"1","
ENSMUST00000000028"
"1","         6.711581"
"1","         7.312441"
"1","         6.102605"
"1","
ENSMUST00000000033"
"1","         5.406050"
"1","         5.277056"
"1","         5.407779"
"1","
ENSMUST00000000049"
"1","         5.877963"
"1","         5.734997"
"1","         5.650361"
"1","
ENSMUST00000000058"
"1","         5.341000"
"1","         5.254460"
"1","         5.479490"
"1","
ENSMUST00000000080"
"1","         4.918786"
"1","         5.148568"
"1","         5.775009"
"1","
ENSMUST00000000087"
"1","         6.180666"
"1","         6.184687"
"1","         5.663445"
"1","
ENSMUST00000000090"
"1","        12.292574"
"1","        11.717519"
"1","        11.662393"
"1","
ENSMUST00000000094"
"1","         6.709660"
"1","         6.156940"
"1","         7.501183"
"1","
ENSMUST00000000095"
"1","         4.408406"
"1","         4.193882"
"1","         4.347387"
"1","
ENSMUST00000000096"
"1","         5.190223"
"1","         5.277060"
"1","         5.184576"
"1","
ENSMUST00000000109"
"1","         5.085759"
"1","         5.056195"
"1","         4.920933"
"1","
ENSMUST00000000122"
"1","         5.445053"
"1","         5.423050"
"1","         5.466188"
"1","
ENSMUST00000000127"
"1","         3.032552"
"1","         2.719835"
"1","         3.395572"
"1","
ENSMUST00000000128"
"1","         4.443251"
"1","         4.978379"
"1","         4.736187"
"1","
ENSMUST00000000129"
"1","         4.971828"
"1","         4.641476"
"1","         5.256797"
"1","
ENSMUST00000000137"
"1","         9.260832"
"1","         9.295789"
"1","         9.609030"
"1","
ENSMUST00000000145"
"1","         4.691747"
"1","         4.750282"
"1","         7.856845"
"1","
ENSMUST00000000153"
"1","         5.969699"
"1","         5.844050"
"1","         5.769130"
"1","
ENSMUST00000000161"
"1","         5.221887"
"1","         5.138939"
"1","         4.828485"
"1","
ENSMUST00000000163"
"1","         5.200275"
"1","         5.406903"
"1","         5.324161"
"1","
ENSMUST00000000175"
"1","         6.539804"
"1","         6.991185"
"1","         7.227071"
"1","
ENSMUST00000000186"
"1","         5.591640"
"1","         5.428561"
"1","         5.487238"
"1","
ENSMUST00000000187"
"1","         5.757557"
"1","         5.526678"
"1","         5.463176"
"1","
ENSMUST00000000188"
"1","         4.614988"
"1","         4.633562"
"1","         4.649435"
"1","
ENSMUST00000000193"
"1","         5.872596"
"1","         5.654177"
"1","         5.912073"
"1","
ENSMUST00000000194"
"1","         4.459525"
"1","         4.408764"
"1","         4.432568"
"1","
ENSMUST00000000199"
"1","         5.405608"
"1","         5.205004"
"1","         5.290208"
"1","
ENSMUST00000000206"
"1","         4.645432"
"1","         4.522519"
"1","         4.946594"
"1","
ENSMUST00000000208"
"1","         4.309924"
"1","         4.544311"
"1","         5.027168"
"1","
ENSMUST00000000219"
"1","         5.876264"
"1","         5.843961"
"1","         5.898044"
"1","
ENSMUST00000000220"
"1","         6.669858"
"1","         6.726592"
"1","         6.776006"
"1","
ENSMUST00000000221"
"1","         5.824823"
"1","         5.839164"
"1","         5.747826"
"1","
ENSMUST00000000253"
"1","         4.924729"
"1","         4.655968"
"1","         4.697428"
"1","
ENSMUST00000000254"
"1","         3.920490"
"1","         4.262524"
"1","         3.975631"
"1","
ENSMUST00000000260"
"1","         6.113445"
"1","         5.482861"
"1","         5.374102"
"1","
ENSMUST00000000266"
"1","         4.168382"
"1","         4.432852"
"1","         4.305453"
"1","
ENSMUST00000000275"
"1","         4.807556"
"1","         4.833064"
"1","         4.994462"
"1","
ENSMUST00000000284"
"1","         7.707495"
"1","         7.329908"
"1","         7.423683"
"1","
ENSMUST00000000285"
"1","         6.048108"
"1","         6.219373"
"1","         6.117190"
"1","
ENSMUST00000000287"
"1","         8.370960"
"1","         8.286666"
"1","         7.882957"
"1","
ENSMUST00000000291"
"1","         6.356014"
"1","         6.327300"
"1","         6.339033"
"1","
ENSMUST00000000299"
"1","         5.400954"
"1","         5.350918"
"1","         5.069967"
"1","
ENSMUST00000000304"
"1","         5.188830"
"1","         5.721984"
"1","         6.736191"
"1","
ENSMUST00000000305"
"1","         4.677138"
"1","         4.952594"
"1","         5.689591"
"1","
ENSMUST00000000310"
"1","         7.454197"
"1","         7.644037"
"1","         6.142041"
"1","
ENSMUST00000000312"
"1","         9.398773"
"1","         9.025848"
"1","         9.551282"
"1","
ENSMUST00000000314"
"1","         3.907404"
"1","         3.901403"
"1","         4.049909"
"1","
ENSMUST00000000317"
"1","         5.686731"
"1","         5.802005"
"1","         5.918859"
"1","
ENSMUST00000000326"
"1","         5.425599"
"1","         5.425599"
"1","         5.008791"
"1","
ENSMUST00000000327"
"1","         7.422027"
"1","         7.608995"
"1","         6.327204"
"1","
ENSMUST00000000329"
"1","         5.354006"
"1","         5.214602"
"1","         5.026287"
"1","
ENSMUST00000000335"
"1","         6.774097"
"1","         6.731090"
"1","         6.381462"
"1","
ENSMUST00000000342"
"1","         4.163882"
"1","         4.277042"
"1","         4.909719"
"1","
ENSMUST00000000348"
"1","         7.763558"
"1","         8.258902"
"1","         9.541283"
"1","
ENSMUST00000000349"
"1","         5.755244"
"1","         5.692615"
"1","         6.101068"
"1","
ENSMUST00000000356"
"1","         8.499077"
"1","         8.677071"
"1","         7.468211"
"1","
ENSMUST00000000365"
"1","         7.190598"
"1","         7.128566"
"1","         6.428171"
"1","
ENSMUST00000000369"
"1","         5.250235"
"1","         5.216990"
"1","         4.865830"
"1","
ENSMUST00000000384"
"1","         8.705045"
"1","         8.927621"
"1","         8.750117"
"1","
ENSMUST00000000388"
"1","         6.357566"
"1","         5.900018"
"1","         7.321583"
"1","
ENSMUST00000000394"
"1","         7.781857"
"1","         7.455922"
"1","         7.094999"
"1","
ENSMUST00000000395"
"1","         5.740210"
"1","         5.806096"
"1","         7.224857"
"1","
ENSMUST00000000402"
"1","         4.917886"
"1","         4.427959"
"1","         4.545464"
"1","
"
"1","                  "
"1"," GSM456676.CEL.gz"
"1"," GSM456677.CEL.gz"
"1"," GSM456678.CEL.gz"
"1","
ENSMUST00000000001"
"1","         9.909885"
"1","         8.845389"
"1","         9.947715"
"1","
ENSMUST00000000003"
"1","         4.144764"
"1","         3.950952"
"1","         4.137077"
"1","
ENSMUST00000000010"
"1","         5.331657"
"1","         4.574717"
"1","         5.260304"
"1","
ENSMUST00000000028"
"1","         6.191788"
"1","         6.375504"
"1","         6.483896"
"1","
ENSMUST00000000033"
"1","         5.630267"
"1","         5.429945"
"1","         5.420831"
"1","
ENSMUST00000000049"
"1","         5.695492"
"1","         5.426154"
"1","         5.744636"
"1","
ENSMUST00000000058"
"1","         4.913184"
"1","         4.811740"
"1","         4.625518"
"1","
ENSMUST00000000080"
"1","         5.536088"
"1","         5.635734"
"1","         5.540289"
"1","
ENSMUST00000000087"
"1","         6.022056"
"1","         5.524892"
"1","         5.832841"
"1","
ENSMUST00000000090"
"1","        12.696566"
"1","        12.164425"
"1","        13.030493"
"1","
ENSMUST00000000094"
"1","         7.262371"
"1","         6.875013"
"1","         7.130938"
"1","
ENSMUST00000000095"
"1","         4.335433"
"1","         4.079465"
"1","         4.319674"
"1","
ENSMUST00000000096"
"1","         5.117209"
"1","         4.932442"
"1","         5.104194"
"1","
ENSMUST00000000109"
"1","         5.129279"
"1","         4.892781"
"1","         5.097378"
"1","
ENSMUST00000000122"
"1","         5.560017"
"1","         6.037976"
"1","         5.556361"
"1","
ENSMUST00000000127"
"1","         2.818840"
"1","         2.664126"
"1","         2.817845"
"1","
ENSMUST00000000128"
"1","         4.608343"
"1","         5.664019"
"1","         4.989600"
"1","
ENSMUST00000000129"
"1","         4.992389"
"1","         5.162899"
"1","         5.012143"
"1","
ENSMUST00000000137"
"1","        10.194274"
"1","         9.261292"
"1","        10.410557"
"1","
ENSMUST00000000145"
"1","         7.987951"
"1","         7.219420"
"1","         8.044564"
"1","
ENSMUST00000000153"
"1","         5.976025"
"1","         6.047963"
"1","         5.950441"
"1","
ENSMUST00000000161"
"1","         5.209344"
"1","         5.324760"
"1","         5.330709"
"1","
ENSMUST00000000163"
"1","         6.782990"
"1","         6.303885"
"1","         6.429790"
"1","
ENSMUST00000000175"
"1","         8.787154"
"1","         7.590583"
"1","         8.771600"
"1","
ENSMUST00000000186"
"1","         5.337976"
"1","         5.114178"
"1","         5.396252"
"1","
ENSMUST00000000187"
"1","         5.856516"
"1","         5.907261"
"1","         5.911330"
"1","
ENSMUST00000000188"
"1","         4.556313"
"1","         4.989637"
"1","         4.585384"
"1","
ENSMUST00000000193"
"1","         5.963903"
"1","         6.160516"
"1","         5.658932"
"1","
ENSMUST00000000194"
"1","         4.536960"
"1","         4.823862"
"1","         4.099766"
"1","
ENSMUST00000000199"
"1","         5.386367"
"1","         5.512385"
"1","         5.347937"
"1","
ENSMUST00000000206"
"1","         4.548272"
"1","         5.102771"
"1","         4.714792"
"1","
ENSMUST00000000208"
"1","         4.633844"
"1","         4.172263"
"1","         4.489923"
"1","
ENSMUST00000000219"
"1","         5.940505"
"1","         5.782182"
"1","         5.762785"
"1","
ENSMUST00000000220"
"1","         6.592066"
"1","         6.529070"
"1","         6.750584"
"1","
ENSMUST00000000221"
"1","         5.695412"
"1","         5.747826"
"1","         5.487675"
"1","
ENSMUST00000000253"
"1","         4.476469"
"1","         4.701513"
"1","         4.453307"
"1","
ENSMUST00000000254"
"1","         4.162408"
"1","         4.507554"
"1","         4.441993"
"1","
ENSMUST00000000260"
"1","         5.449362"
"1","         5.900496"
"1","         5.494961"
"1","
ENSMUST00000000266"
"1","         4.379873"
"1","         4.809294"
"1","         4.554663"
"1","
ENSMUST00000000275"
"1","         4.844131"
"1","         5.120744"
"1","         4.769023"
"1","
ENSMUST00000000284"
"1","         8.429016"
"1","         7.291063"
"1","         8.474496"
"1","
ENSMUST00000000285"
"1","         5.817905"
"1","         5.842952"
"1","         5.938937"
"1","
ENSMUST00000000287"
"1","         8.189485"
"1","         7.099155"
"1","         8.191469"
"1","
ENSMUST00000000291"
"1","         6.430659"
"1","         6.251581"
"1","         6.469041"
"1","
ENSMUST00000000299"
"1","         4.961905"
"1","         4.432161"
"1","         4.978101"
"1","
ENSMUST00000000304"
"1","         6.847384"
"1","         6.590330"
"1","         7.356662"
"1","
ENSMUST00000000305"
"1","         5.936976"
"1","         5.902930"
"1","         5.678129"
"1","
ENSMUST00000000310"
"1","         6.690840"
"1","         6.433355"
"1","         6.565241"
"1","
ENSMUST00000000312"
"1","        10.167795"
"1","         9.337734"
"1","        10.282768"
"1","
ENSMUST00000000314"
"1","         4.002174"
"1","         4.626473"
"1","         4.108595"
"1","
ENSMUST00000000317"
"1","         6.067918"
"1","         5.957673"
"1","         6.121964"
"1","
ENSMUST00000000326"
"1","         5.375618"
"1","         5.499466"
"1","         5.395442"
"1","
ENSMUST00000000327"
"1","         7.332114"
"1","         7.137830"
"1","         7.686912"
"1","
ENSMUST00000000329"
"1","         5.364535"
"1","         5.136381"
"1","         4.859147"
"1","
ENSMUST00000000335"
"1","         6.572333"
"1","         6.561899"
"1","         6.777549"
"1","
ENSMUST00000000342"
"1","         4.216190"
"1","         4.460320"
"1","         4.344475"
"1","
ENSMUST00000000348"
"1","         9.382661"
"1","         8.509682"
"1","         9.533337"
"1","
ENSMUST00000000349"
"1","         6.012360"
"1","         5.334493"
"1","         6.295092"
"1","
ENSMUST00000000356"
"1","         7.811407"
"1","         6.848606"
"1","         7.813762"
"1","
ENSMUST00000000365"
"1","         6.993210"
"1","         6.365146"
"1","         7.280272"
"1","
ENSMUST00000000369"
"1","         5.443579"
"1","         5.665358"
"1","         5.404254"
"1","
ENSMUST00000000384"
"1","         8.611194"
"1","         7.473293"
"1","         8.078213"
"1","
ENSMUST00000000388"
"1","         8.194995"
"1","         7.346731"
"1","         8.219369"
"1","
ENSMUST00000000394"
"1","         7.083604"
"1","         7.002810"
"1","         7.270287"
"1","
ENSMUST00000000395"
"1","         7.854050"
"1","         7.270720"
"1","         8.072267"
"1","
ENSMUST00000000402"
"1","         4.660362"
"1","         5.238731"
"1","         4.603535"
"1","
"
"1"," [ reached getOption(""max.print"") -- omitted 39215 rows ]
"
