"TRA_new.ensembl.transcript","TRA_new.gene.symbol"
"ENSMUST00000000003","Pbsn"
"ENSMUST00000000033","Igf2"
"ENSMUST00000000049","Apoh"
"ENSMUST00000000080","Klf6"
"ENSMUST00000000090","Cox5a"
"ENSMUST00000000096","Tbx4"
"ENSMUST00000000109","Cntn1"
"ENSMUST00000000122","Ngfr"
"ENSMUST00000000145","Acsl6"
"ENSMUST00000000161","Itgb2l"
"ENSMUST00000000208","Slfn4"
"ENSMUST00000000219","Th"
"ENSMUST00000000220","Ins2"
"ENSMUST00000000221","Scnn1g"
"ENSMUST00000000253","Lhx2"
"ENSMUST00000000260","Gmpr"
"ENSMUST00000000284","Trim25"
"ENSMUST00000000287","Scpep1"
"ENSMUST00000000299","Itgb2"
"ENSMUST00000000310","Pemt"
"ENSMUST00000000317","Ckmt1"
"ENSMUST00000000342","Ccl11"
"ENSMUST00000000384","Trappc10"
"ENSMUST00000000395","Tmprss2"
"ENSMUST00000000402","Fap"
"ENSMUST00000000421","Tssk3"
"ENSMUST00000000450","Pparg"
"ENSMUST00000000466","Plin2"
"ENSMUST00000000573","Ovgp1"
"ENSMUST00000000590","Rdx"
"ENSMUST00000000608","Gm2a"
"ENSMUST00000000642","Hk2"
"ENSMUST00000000646","Sez6"
"ENSMUST00000000687","Haao"
"ENSMUST00000000718","Tcl1b4"
"ENSMUST00000000746","Dnmt3l"
"ENSMUST00000000804","Ddx3x"
"ENSMUST00000000828","Txnrd3"
"ENSMUST00000000894","E2f1"
"ENSMUST00000000910","Dbh"
"ENSMUST00000000984","Slc7a7"
"ENSMUST00000001046","S100a4"
"ENSMUST00000001047","S100a3"
"ENSMUST00000001049","S100a5"
"ENSMUST00000001055","Icam2"
"ENSMUST00000001083","Nhp2"
"ENSMUST00000001122","Slc13a2"
"ENSMUST00000001126","Slc46a1"
"ENSMUST00000001147","Col6a1"
"ENSMUST00000001148","Pcbp3"
"ENSMUST00000001183","Ftcd"
"ENSMUST00000001187","Anxa4"
"ENSMUST00000001204","Calm1"
"ENSMUST00000001242","D10Jhu81e"
"ENSMUST00000001253","Slc26a4"
"ENSMUST00000001254","Slc26a3"
"ENSMUST00000001452","Cct3"
"ENSMUST00000001497","Cideb"
"ENSMUST00000001513","Tubb6"
"ENSMUST00000001562","Tulp3"
"ENSMUST00000001565","Gtf2h4"
"ENSMUST00000001599","Klhl10"
"ENSMUST00000001713","Gstt1"
"ENSMUST00000001715","Gstt3"
"ENSMUST00000001716","Ddt"
"ENSMUST00000001720","Tat"
"ENSMUST00000001790","Cldn15"
"ENSMUST00000001806","Coasy"
"ENSMUST00000001927","Ltbp1"
"ENSMUST00000001963","Ace"
"ENSMUST00000002008","Vsig2"
"ENSMUST00000002013","Spa17"
"ENSMUST00000002087","Pnck"
"ENSMUST00000002090","Ssr4"
"ENSMUST00000002101","Cd3g"
"ENSMUST00000002127","Unc119"
"ENSMUST00000002171","Psmc3"
"ENSMUST00000002259","Clgn"
"ENSMUST00000002274","Napsa"
"ENSMUST00000002292","Rmnd5a"
"ENSMUST00000002368","Dbf4"
"ENSMUST00000002389","Tgm1"
"ENSMUST00000002444","Rfx2"
"ENSMUST00000002456","Nt5c1b"
"ENSMUST00000002529","Prpf6"
"ENSMUST00000002551","Snrpd1"
"ENSMUST00000002588","Tiam1"
"ENSMUST00000002640","Scin"
"ENSMUST00000002663","Pon1"
"ENSMUST00000002677","Axl"
"ENSMUST00000002678","Tgfb1"
"ENSMUST00000002708","Shh"
"ENSMUST00000002710","Pdcd2l"
"ENSMUST00000002756","Med6"
"ENSMUST00000002845","Mea1"
"ENSMUST00000002846","Gnmt"
"ENSMUST00000002883","Sfrp4"
"ENSMUST00000002885","Epdr1"
"ENSMUST00000002908","Plin4"
"ENSMUST00000002964","Cd97"
"ENSMUST00000002979","Lamb1"
"ENSMUST00000003066","Apoe"
"ENSMUST00000003071","Apoc4"
"ENSMUST00000003074","Apoc2"
"ENSMUST00000003135","Elf3"
"ENSMUST00000003137","Cyp2c29"
"ENSMUST00000003207","Lipe"
"ENSMUST00000003245","Sri"
"ENSMUST00000003351","Grin2c"
"ENSMUST00000003360","Car11"
"ENSMUST00000003370","Hck"
"ENSMUST00000003433","Mknk2"
"ENSMUST00000003442","Cacnb3"
"ENSMUST00000003459","Myo1g"
"ENSMUST00000003461","Ogdh"
"ENSMUST00000003512","Fcgrt"
"ENSMUST00000003554","Casq1"
"ENSMUST00000003569","Inmt"
"ENSMUST00000003572","Gars"
"ENSMUST00000003575","Tpm4"
"ENSMUST00000003597","Psg18"
"ENSMUST00000003635","Ier3"
"ENSMUST00000003659","Comp"
"ENSMUST00000003720","Crot"
"ENSMUST00000003754","Calb2"
"ENSMUST00000003907","Gcdh"
"ENSMUST00000003922","Syce2"
"ENSMUST00000003947","Nqo1"
"ENSMUST00000004036","Efnb3"
"ENSMUST00000004050","Mmd"
"ENSMUST00000004057","Fam162a"
"ENSMUST00000004134","Gstm5"
"ENSMUST00000004136","Gstm3"
"ENSMUST00000004172","Hmox2"
"ENSMUST00000004201","Col5a3"
"ENSMUST00000004203","Ppan"
"ENSMUST00000004316","Psap"
"ENSMUST00000004327","G6pdx"
"ENSMUST00000004375","Phb2"
"ENSMUST00000004377","Ptpn6"
"ENSMUST00000004378","Eno2"
"ENSMUST00000004453","Gpx6"
"ENSMUST00000004470","Utp20"
"ENSMUST00000004480","Sst"
"ENSMUST00000004655","Psg17"
"ENSMUST00000004657","Psg19"
"ENSMUST00000004673","Ndrg2"
"ENSMUST00000004729","Etfb"
"ENSMUST00000004784","Cnn2"
"ENSMUST00000004943","Tmed11"
"ENSMUST00000004986","Mapk13"
"ENSMUST00000005003","Lbr"
"ENSMUST00000005017","Hdgf"
"ENSMUST00000005019","Crabp2"
"ENSMUST00000005066","Map2k1"
"ENSMUST00000005072","Dtx2"
"ENSMUST00000005073","Zp3"
"ENSMUST00000005103","Nfe2l3"
"ENSMUST00000005164","Prkacb"
"ENSMUST00000005185","Cstb"
"ENSMUST00000005218","Cd44"
"ENSMUST00000005233","Eif2ak4"
"ENSMUST00000005256","Ndrg1"
"ENSMUST00000005292","Prdx2"
"ENSMUST00000005352","Corin"
"ENSMUST00000005477","Cyp2b10"
"ENSMUST00000005488","Casp14"
"ENSMUST00000005490","Slc1a6"
"ENSMUST00000005493","Slc1a3"
"ENSMUST00000005503","Msh6"
"ENSMUST00000005548","Hmox1"
"ENSMUST00000005607","Asf1b"
"ENSMUST00000005611","Myl10"
"ENSMUST00000005630","Msh4"
"ENSMUST00000005651","Por"
"ENSMUST00000005678","Fcer2a"
"ENSMUST00000005692","Atp4a"
"ENSMUST00000005705","Trim28"
"ENSMUST00000005719","Adcy9"
"ENSMUST00000005722","Mef2c"
"ENSMUST00000005769","Tmod4"
"ENSMUST00000005815","Kit"
"ENSMUST00000005824","Apoa2"
"ENSMUST00000005825","Pan2"
"ENSMUST00000005826","Cs"
"ENSMUST00000005841","Ctcf"
"ENSMUST00000005907","Cd247"
"ENSMUST00000005933","Klk1b16"
"ENSMUST00000005953","Sqrdl"
"ENSMUST00000005964","Adh5"
"ENSMUST00000006005","Pth1r"
"ENSMUST00000006020","Cnga2"
"ENSMUST00000006027","Reep5"
"ENSMUST00000006094","Cyp2d26"
"ENSMUST00000006101","Itgae"
"ENSMUST00000006123","Tuft1"
"ENSMUST00000006128","Rcn1"
"ENSMUST00000006136","Dnase1"
"ENSMUST00000006151","Tyrp1"
"ENSMUST00000006171","Prg4"
"ENSMUST00000006301","Lrwd1"
"ENSMUST00000006362","Rhox6"
"ENSMUST00000006367","Htra1"
"ENSMUST00000006435","Atp6v1b2"
"ENSMUST00000006462","Aamp"
"ENSMUST00000006467","Arpc2"
"ENSMUST00000006476","Upk1a"
"ENSMUST00000006508","Ggt1"
"ENSMUST00000006660","Prl7a2"
"ENSMUST00000006662","Prl8a9"
"ENSMUST00000006679","Prtn3"
"ENSMUST00000006697","Itih3"
"ENSMUST00000006703","Itih4"
"ENSMUST00000006704","Itih1"
"ENSMUST00000006721","Cryba2"
"ENSMUST00000006749","Slc4a1"
"ENSMUST00000006760","Cdt1"
"ENSMUST00000006761","Runx1t1"
"ENSMUST00000006764","Aprt"
"ENSMUST00000006785","Slc17a1"
"ENSMUST00000006828","Aplp1"
"ENSMUST00000006838","Qars"
"ENSMUST00000006898","Gmnn"
"ENSMUST00000006900","Acot13"
"ENSMUST00000006912","Pip4k2a"
"ENSMUST00000006952","Saa4"
"ENSMUST00000006969","Krt23"
"ENSMUST00000007012","Sod2"
"ENSMUST00000007131","Acly"
"ENSMUST00000007139","Eif1b"
"ENSMUST00000007156","Klk1b11"
"ENSMUST00000007236","Syngr3"
"ENSMUST00000007248","Hspa1l"
"ENSMUST00000007249","Slc44a4"
"ENSMUST00000007251","Abhd16a"
"ENSMUST00000007272","Krt14"
"ENSMUST00000007275","Krt13"
"ENSMUST00000007318","Krt31"
"ENSMUST00000007449","Akr1b7"
"ENSMUST00000007584","Pcdha1/Pcdha10/Pcdha11/Pcdha12/Pcdha2/Pcdha4/Pcdha5/Pcdhac1/Pcdhac2/Pcdha9"
"ENSMUST00000008094","Abhd8"
"ENSMUST00000008280","Fhl2"
"ENSMUST00000008297","Clstn3"
"ENSMUST00000008537","Carhsp1"
"ENSMUST00000008573","Herpud2"
"ENSMUST00000008633","Elavl2"
"ENSMUST00000008745","Rab25"
"ENSMUST00000008801","Cyp4f15"
"ENSMUST00000008878","Gprc5b"
"ENSMUST00000008966","Acyp1"
"ENSMUST00000009058","Abcb1b"
"ENSMUST00000009356","Serpinb2"
"ENSMUST00000009425","Rarres2"
"ENSMUST00000009435","Pttg1ip"
"ENSMUST00000009617","Kcnc4"
"ENSMUST00000009705","Eng"
"ENSMUST00000009728","Syngr1"
"ENSMUST00000009740","Taf7l"
"ENSMUST00000009777","G0s2"
"ENSMUST00000009831","Fxyd5"
"ENSMUST00000009885","Ubp1"
"ENSMUST00000010007","Sdhb"
"ENSMUST00000010038","Snap47"
"ENSMUST00000010188","Zmynd10"
"ENSMUST00000010205","Gnat1"
"ENSMUST00000010267","Slc47a1"
"ENSMUST00000010736","Dazl"
"ENSMUST00000010753","Psen2"
"ENSMUST00000010795","Acaa1b"
"ENSMUST00000010807","Fads1"
"ENSMUST00000010940","Asz1"
"ENSMUST00000010941","Wnt2"
"ENSMUST00000010974","Kdelr3"
"ENSMUST00000011178","Slc5a1"
"ENSMUST00000011607","Cpb1"
"ENSMUST00000011776","Pinlyp"
"ENSMUST00000011934","Ttn"
"ENSMUST00000012028","Gltp"
"ENSMUST00000012259","Med15"
"ENSMUST00000012627","Rpa3"
"ENSMUST00000012734","Dnajb6"
"ENSMUST00000013299","Enkd1"
"ENSMUST00000013458","Adh4"
"ENSMUST00000013771","Trim54"
"ENSMUST00000013787","Lypd8"
"ENSMUST00000013797","1810065E05Rik"
"ENSMUST00000013949","Birc3"
"ENSMUST00000013966","Elof1"
"ENSMUST00000014058","Klk10"
"ENSMUST00000014080","Myl2"
"ENSMUST00000014248","Sval2"
"ENSMUST00000014263","Ugt1a6a"
"ENSMUST00000014421","Ankrd17"
"ENSMUST00000014457","Cox6c"
"ENSMUST00000014545","Ldhc"
"ENSMUST00000014578","Plg"
"ENSMUST00000014614","Rnf166"
"ENSMUST00000014990","Tppp3"
"ENSMUST00000015011","Surf4"
"ENSMUST00000015227","C8g"
"ENSMUST00000015234","Ptgds"
"ENSMUST00000015239","Fbxw5"
"ENSMUST00000015256","Slc25a13"
"ENSMUST00000015394","Mmp13"
"ENSMUST00000015435","Gdi1"
"ENSMUST00000015449","Sash1"
"ENSMUST00000015498","Pcolce2"
"ENSMUST00000015545","Tmem27"
"ENSMUST00000015583","Ctsg"
"ENSMUST00000015596","Ager"
"ENSMUST00000015663","2310057J18Rik"
"ENSMUST00000015664","Ctsk"
"ENSMUST00000015667","Ctss"
"ENSMUST00000015841","Setdb1"
"ENSMUST00000015858","Cers2"
"ENSMUST00000015866","Nlrp5"
"ENSMUST00000015920","Med22"
"ENSMUST00000015941","Bhmt2"
"ENSMUST00000015950","Qdpr"
"ENSMUST00000015994","Adamtsl4"
"ENSMUST00000016031","Hal"
"ENSMUST00000016033","Lta4h"
"ENSMUST00000016034","Amdhd1"
"ENSMUST00000016094","Ncf1"
"ENSMUST00000016105","Adss"
"ENSMUST00000016138","Fnta"
"ENSMUST00000016144","Ppap2a"
"ENSMUST00000016168","Lbp"
"ENSMUST00000016231","Fli1"
"ENSMUST00000016309","Tmbim1"
"ENSMUST00000016396","Atp5e"
"ENSMUST00000016638","Cd34"
"ENSMUST00000016678","Lamp2"
"ENSMUST00000016703","H3f3b"
"ENSMUST00000017142","Svs4"
"ENSMUST00000017148","Svs5"
"ENSMUST00000017184","Serpinb6b"
"ENSMUST00000017193","Ccdc70"
"ENSMUST00000017208","Prl5a1"
"ENSMUST00000017290","Brca1"
"ENSMUST00000017488","Vtn"
"ENSMUST00000017604","Cyba"
"ENSMUST00000017610","Timp2"
"ENSMUST00000017629","Top2b"
"ENSMUST00000017692","Suz12"
"ENSMUST00000017732","Krt27"
"ENSMUST00000017741","Krt12"
"ENSMUST00000017743","Krt20"
"ENSMUST00000017841","Ada"
"ENSMUST00000017851","Serinc3"
"ENSMUST00000017859","Pgs1"
"ENSMUST00000017881","Mmp9"
"ENSMUST00000018012","Sgk2"
"ENSMUST00000018061","Prl"
"ENSMUST00000018113","Ptgis"
"ENSMUST00000018122","Cadps2"
"ENSMUST00000018186","Cyb5r3"
"ENSMUST00000018246","Hist1h2bc"
"ENSMUST00000018355","Wfdc15b"
"ENSMUST00000018382","Gdf9"
"ENSMUST00000018383","Zcchc10"
"ENSMUST00000018389","Prl8a8"
"ENSMUST00000018392","Prl8a6"
"ENSMUST00000018399","Krt33a"
"ENSMUST00000018403","Prl8a2"
"ENSMUST00000018437","Pfn1"
"ENSMUST00000018470","Ywhab"
"ENSMUST00000018544","Sept4"
"ENSMUST00000018547","Ggnbp2"
"ENSMUST00000018561","Myo1b"
"ENSMUST00000018572","Akap1"
"ENSMUST00000018637","Myh1"
"ENSMUST00000018653","Cenpv"
"ENSMUST00000018699","Asgr1"
"ENSMUST00000018710","Slc2a4"
"ENSMUST00000018713","Cldn7"
"ENSMUST00000018718","Acadvl"
"ENSMUST00000018748","Tbx3"
"ENSMUST00000018765","Mmp8"
"ENSMUST00000018792","Dusp14"
"ENSMUST00000018795","Tada2a"
"ENSMUST00000018816","Copz2"
"ENSMUST00000018821","Slc25a39"
"ENSMUST00000018871","Cpsf4l"
"ENSMUST00000018918","Cd68"
"ENSMUST00000018963","Lsp1"
"ENSMUST00000018965","Avpi1"
"ENSMUST00000018992","Rars"
"ENSMUST00000019050","P4ha2"
"ENSMUST00000019051","Alox12e"
"ENSMUST00000019063","Tm4sf5"
"ENSMUST00000019071","Ccl6"
"ENSMUST00000019076","Map2k3"
"ENSMUST00000019101","Scml2"
"ENSMUST00000019192","Cryaa"
"ENSMUST00000019246","Aldh3a1"
"ENSMUST00000019266","Ccl9"
"ENSMUST00000019283","Isyna1"
"ENSMUST00000019323","Mdh2"
"ENSMUST00000019422","Dpep1"
"ENSMUST00000019441","Nop9"
"ENSMUST00000019445","Hsd17b1"
"ENSMUST00000019469","G6pc"
"ENSMUST00000019512","Sec14l4"
"ENSMUST00000019576","Ddx39"
"ENSMUST00000019611","Arhgef25"
"ENSMUST00000019616","Icam5"
"ENSMUST00000019625","Myh8"
"ENSMUST00000019683","Rcn3"
"ENSMUST00000019721","Pdk4"
"ENSMUST00000019896","Iyd"
"ENSMUST00000019929","Katna1"
"ENSMUST00000019945","Pex3"
"ENSMUST00000019951","Cep57l1"
"ENSMUST00000019962","Cd164"
"ENSMUST00000019974","Rab32"
"ENSMUST00000019975","Wasf1"
"ENSMUST00000019992","Lama4"
"ENSMUST00000019997","Tnfaip3"
"ENSMUST00000020017","Aim1"
"ENSMUST00000020022","Smpdl3a"
"ENSMUST00000020024","Fabp7"
"ENSMUST00000020027","Serinc1"
"ENSMUST00000020039","Mgat4c"
"ENSMUST00000020040","Nts"
"ENSMUST00000020081","Zwint"
"ENSMUST00000020085","Ube2d1"
"ENSMUST00000020158","Myb"
"ENSMUST00000020161","Arg1"
"ENSMUST00000020163","Nedd1"
"ENSMUST00000020188","Ifngr1"
"ENSMUST00000020217","Nudt4"
"ENSMUST00000020227","Cry1"
"ENSMUST00000020234","Timp3"
"ENSMUST00000020241","Pah"
"ENSMUST00000020249","Dram1"
"ENSMUST00000020252","Sycp3"
"ENSMUST00000020266","Pbld1"
"ENSMUST00000020273","Supv3l1"
"ENSMUST00000020298","Pcbd1"
"ENSMUST00000020308","Ddit4"
"ENSMUST00000020321","Plek"
"ENSMUST00000020329","Egfr"
"ENSMUST00000020339","Tbc1d15"
"ENSMUST00000020359","Gamt"
"ENSMUST00000020361","Ndufs7"
"ENSMUST00000020365","Mum1"
"ENSMUST00000020382","Yeats4"
"ENSMUST00000020383","Atp8b3"
"ENSMUST00000020403","Csrp2"
"ENSMUST00000020439","Wif1"
"ENSMUST00000020446","Tmbim4"
"ENSMUST00000020452","Prmt2"
"ENSMUST00000020488","D10Wsu102e"
"ENSMUST00000020496","Adarb1"
"ENSMUST00000020527","1700093K21Rik"
"ENSMUST00000020537","Nsg2"
"ENSMUST00000020576","Ccng1"
"ENSMUST00000020653","Sar1b"
"ENSMUST00000020657","Ube2b"
"ENSMUST00000020664","Itk"
"ENSMUST00000020683","Hus1"
"ENSMUST00000020687","Pttg1"
"ENSMUST00000020692","Btg2"
"ENSMUST00000020702","Igfbp3"
"ENSMUST00000020703","Gabra6"
"ENSMUST00000020707","Gabra1"
"ENSMUST00000020710","Tcn2"
"ENSMUST00000020718","Smtn"
"ENSMUST00000020754","Ccdc104"
"ENSMUST00000020768","Pgam2"
"ENSMUST00000020775","Dynll2"
"ENSMUST00000020776","Ccdc117"
"ENSMUST00000020779","Mpo"
"ENSMUST00000020804","Gdpd1"
"ENSMUST00000020822","Cnot8"
"ENSMUST00000020826","Sap30l"
"ENSMUST00000020830","Mfap3"
"ENSMUST00000020835","Ppm1d"
"ENSMUST00000020884","Atp6v1c2"
"ENSMUST00000020885","Sypl"
"ENSMUST00000020898","Agr2"
"ENSMUST00000020909","Laptm4a"
"ENSMUST00000020911","Sdc1"
"ENSMUST00000020926","Fam84a"
"ENSMUST00000020957","Adi1"
"ENSMUST00000020964","Fkbp1b"
"ENSMUST00000020965","Allc"
"ENSMUST00000020970","Rsad2"
"ENSMUST00000020974","Id2"
"ENSMUST00000020979","Bcap29"
"ENSMUST00000020980","Rrm2"
"ENSMUST00000020985","Grhl1"
"ENSMUST00000020990","Pomc"
"ENSMUST00000021040","Cct6b"
"ENSMUST00000021052","Smarcd2"
"ENSMUST00000021065","Cacng1"
"ENSMUST00000021077","Slc9a3r1"
"ENSMUST00000021078","Fdxr"
"ENSMUST00000021091","Pafah1b1"
"ENSMUST00000021114","Galk1"
"ENSMUST00000021142","Atp2a3"
"ENSMUST00000021155","Tekt1"
"ENSMUST00000021157","Med31"
"ENSMUST00000021207","Fam101b"
"ENSMUST00000021242","Tac4"
"ENSMUST00000021243","Slc35b1"
"ENSMUST00000021246","Snx11"
"ENSMUST00000021251","Lrrc46"
"ENSMUST00000021273","Vamp2"
"ENSMUST00000021290","Rcvrn"
"ENSMUST00000021333","Foxg1"
"ENSMUST00000021412","Psma6"
"ENSMUST00000021450","Sgpp1"
"ENSMUST00000021459","Rab15"
"ENSMUST00000021468","Nin"
"ENSMUST00000021497","Rtn1"
"ENSMUST00000021506","Serpina3n"
"ENSMUST00000021512","Dhrs7"
"ENSMUST00000021530","Hif1a"
"ENSMUST00000021550","Arg2"
"ENSMUST00000021552","Zfp36l1"
"ENSMUST00000021564","Smoc1"
"ENSMUST00000021607","Lgmn"
"ENSMUST00000021610","Chga"
"ENSMUST00000021628","Akr1c21"
"ENSMUST00000021630","Akr1c6"
"ENSMUST00000021634","Akr1c13"
"ENSMUST00000021635","Akr1c18"
"ENSMUST00000021668","Npc2"
"ENSMUST00000021674","Fos"
"ENSMUST00000021707","Amn"
"ENSMUST00000021714","Zfyve21"
"ENSMUST00000021726","Adssl1"
"ENSMUST00000021734","Gng4"
"ENSMUST00000021792","Mak"
"ENSMUST00000021793","Elovl2"
"ENSMUST00000021810","Id4"
"ENSMUST00000021853","Eci3"
"ENSMUST00000021854","Eci2"
"ENSMUST00000021860","Ly86"
"ENSMUST00000021866","Riok1"
"ENSMUST00000021880","Ctla2a"
"ENSMUST00000021884","Ctla2b"
"ENSMUST00000021888","Ctsq"
"ENSMUST00000021889","Ctsr"
"ENSMUST00000021890","Cts6"
"ENSMUST00000021903","Gadd45g"
"ENSMUST00000021907","Fbp2"
"ENSMUST00000021920","Sptlc1"
"ENSMUST00000021929","Habp4"
"ENSMUST00000021948","F12"
"ENSMUST00000021968","Pitx1"
"ENSMUST00000021970","Cxcl14"
"ENSMUST00000022028","1700067P10Rik"
"ENSMUST00000022036","Slc28a3"
"ENSMUST00000022038","Naa35"
"ENSMUST00000022039","Golm1"
"ENSMUST00000022062","Sdha"
"ENSMUST00000022099","Lpcat1"
"ENSMUST00000022100","Slc6a3"
"ENSMUST00000022105","Slc6a18"
"ENSMUST00000022120","Acot12"
"ENSMUST00000022122","Ckmt2"
"ENSMUST00000022145","Serf1"
"ENSMUST00000022147","Smn1"
"ENSMUST00000022150","Cartpt"
"ENSMUST00000022213","Thbs4"
"ENSMUST00000022230","Srek1ip1"
"ENSMUST00000022242","Emb"
"ENSMUST00000022269","Oit1"
"ENSMUST00000022282","Gpx8"
"ENSMUST00000022287","Fst"
"ENSMUST00000022317","Fam213a"
"ENSMUST00000022322","Glud1"
"ENSMUST00000022330","Ldb3"
"ENSMUST00000022337","Cdhr1"
"ENSMUST00000022338","Rgr"
"ENSMUST00000022369","Vcl"
"ENSMUST00000022398","1700011H14Rik"
"ENSMUST00000022459","Phf7"
"ENSMUST00000022464","Msmb"
"ENSMUST00000022471","Pbrm1"
"ENSMUST00000022496","Kpna3"
"ENSMUST00000022517","Cryl1"
"ENSMUST00000022519","Anxa8"
"ENSMUST00000022535","Dcp1a"
"ENSMUST00000022548","1700129C05Rik"
"ENSMUST00000022563","Mtmr6"
"ENSMUST00000022567","Cacna2d3"
"ENSMUST00000022576","Cpb2"
"ENSMUST00000022587","Tsc22d1"
"ENSMUST00000022590","Dnajc15"
"ENSMUST00000022591","Epsti1"
"ENSMUST00000022595","Rgcc"
"ENSMUST00000022603","Lect1"
"ENSMUST00000022610","Scara5"
"ENSMUST00000022612","Pbk"
"ENSMUST00000022616","Clu"
"ENSMUST00000022618","Adam2"
"ENSMUST00000022622","Ptk2b"
"ENSMUST00000022637","Ebf2"
"ENSMUST00000022639","Nefl"
"ENSMUST00000022641","Adamdec1"
"ENSMUST00000022646","Nkx3-1"
"ENSMUST00000022681","Pdlim2"
"ENSMUST00000022692","Sftpc"
"ENSMUST00000022694","Dmtn"
"ENSMUST00000022701","Rb1"
"ENSMUST00000022705","Med4"
"ENSMUST00000022718","Ednrb"
"ENSMUST00000022725","Dct"
"ENSMUST00000022727","Tgds"
"ENSMUST00000022749","C9"
"ENSMUST00000022767","Mettl3"
"ENSMUST00000022784","Haus4"
"ENSMUST00000022816","Sub1"
"ENSMUST00000022821","Dhrs4"
"ENSMUST00000022826","Fitm1"
"ENSMUST00000022849","Tars"
"ENSMUST00000022853","C1qtnf3"
"ENSMUST00000022865","Mtdh"
"ENSMUST00000022867","Laptm4b"
"ENSMUST00000022890","Rnf19a"
"ENSMUST00000022927","Rad21"
"ENSMUST00000022945","Shcbp1"
"ENSMUST00000022946","Hrsp12"
"ENSMUST00000022952","Osr2"
"ENSMUST00000022954","Khdrbs3"
"ENSMUST00000022980","Ndufb9"
"ENSMUST00000022995","Slc22a22"
"ENSMUST00000023006","Lrrc6"
"ENSMUST00000023040","Slc25a17"
"ENSMUST00000023055","Dnal4"
"ENSMUST00000023056","Deptor"
"ENSMUST00000023069","Fam118a"
"ENSMUST00000023070","Upk3a"
"ENSMUST00000023074","Parvg"
"ENSMUST00000023101","Slc38a4"
"ENSMUST00000023104","Rpap3"
"ENSMUST00000023105","Endou"
"ENSMUST00000023116","Aco2"
"ENSMUST00000023119","Vdr"
"ENSMUST00000023132","Pde1b"
"ENSMUST00000023134","Glycam1"
"ENSMUST00000023144","Prm1"
"ENSMUST00000023154","Cldn1"
"ENSMUST00000023203","Gpt"
"ENSMUST00000023207","Apod"
"ENSMUST00000023210","Cyc1"
"ENSMUST00000023214","Dgat1"
"ENSMUST00000023219","Fbxl6"
"ENSMUST00000023226","Plec"
"ENSMUST00000023247","Ly6f"
"ENSMUST00000023259","Lynx1"
"ENSMUST00000023265","Psca"
"ENSMUST00000023282","Miox"
"ENSMUST00000023295","Acr"
"ENSMUST00000023312","Alcam"
"ENSMUST00000023328","Retnlb"
"ENSMUST00000023329","Retnla"
"ENSMUST00000023341","Cd200"
"ENSMUST00000023353","Mcm4"
"ENSMUST00000023450","Serpind1"
"ENSMUST00000023453","Sdf2l1"
"ENSMUST00000023468","Spag6"
"ENSMUST00000023482","B4galt4"
"ENSMUST00000023494","Popdc2"
"ENSMUST00000023520","Muc13"
"ENSMUST00000023530","Ropn1"
"ENSMUST00000023559","Ehhadh"
"ENSMUST00000023583","Ahsg"
"ENSMUST00000023587","Fetub"
"ENSMUST00000023590","Hrg"
"ENSMUST00000023601","St6gal1"
"ENSMUST00000023602","Prl2a1"
"ENSMUST00000023608","Atp5j"
"ENSMUST00000023612","Ets2"
"ENSMUST00000023617","Ildr1"
"ENSMUST00000023648","4930553J12Rik/Krtap15"
"ENSMUST00000023652","Grik1"
"ENSMUST00000023677","Atp5o"
"ENSMUST00000023694","1110004E09Rik"
"ENSMUST00000023709","Krt5"
"ENSMUST00000023710","Krt71"
"ENSMUST00000023712","Krt2"
"ENSMUST00000023720","Krt84"
"ENSMUST00000023726","Lalba"
"ENSMUST00000023749","Tmbim6"
"ENSMUST00000023760","Gpd1"
"ENSMUST00000023762","Cers5"
"ENSMUST00000023775","Cela1"
"ENSMUST00000023779","Nr4a1"
"ENSMUST00000023788","Krt6a"
"ENSMUST00000023790","Krt1"
"ENSMUST00000023797","Krt4"
"ENSMUST00000023799","Krt79"
"ENSMUST00000023805","Csad"
"ENSMUST00000023807","Igfbp6"
"ENSMUST00000023809","Amhr2"
"ENSMUST00000023820","Fabp2"
"ENSMUST00000023826","Sncg"
"ENSMUST00000023832","Rgn"
"ENSMUST00000023840","Cxcl13"
"ENSMUST00000023849","Ccrn4l"
"ENSMUST00000023851","Ndufa5"
"ENSMUST00000023886","Sult1c2"
"ENSMUST00000023897","Gzma"
"ENSMUST00000023906","Reg2"
"ENSMUST00000023918","Ivns1abp"
"ENSMUST00000023953","Ceacam14"
"ENSMUST00000023965","Cfhr1"
"ENSMUST00000024004","Ccl25"
"ENSMUST00000024005","Scg5"
"ENSMUST00000024015","Guca2a"
"ENSMUST00000024026","Cypt1"
"ENSMUST00000024032","9530002B09Rik"
"ENSMUST00000024042","Creld2"
"ENSMUST00000024044","Cd4"
"ENSMUST00000024049","Bmp15"
"ENSMUST00000024078","March5"
"ENSMUST00000024099","Ache"
"ENSMUST00000024171","Stk31"
"ENSMUST00000024233","Tulp2"
"ENSMUST00000024249","Prph"
"ENSMUST00000024338","Fam132a"
"ENSMUST00000024596","Slc22a1"
"ENSMUST00000024639","Map2"
"ENSMUST00000024650","1700010I14Rik"
"ENSMUST00000024660","Smoc2"
"ENSMUST00000024706","Pla2g7"
"ENSMUST00000024707","Mep1a"
"ENSMUST00000024708","Tnfrsf21"
"ENSMUST00000024724","Crisp2"
"ENSMUST00000024736","Sgol1"
"ENSMUST00000024738","Sult1c1"
"ENSMUST00000024747","Vegfa"
"ENSMUST00000024773","Prph2"
"ENSMUST00000024774","Guca1b"
"ENSMUST00000024778","Med20"
"ENSMUST00000024782","Pgc"
"ENSMUST00000024794","Tspo2"
"ENSMUST00000024817","Rnf8"
"ENSMUST00000024826","Tff2"
"ENSMUST00000024827","Tff3"
"ENSMUST00000024831","Tff1"
"ENSMUST00000024832","Rsph1"
"ENSMUST00000024847","Myom1"
"ENSMUST00000024851","Ndc80"
"ENSMUST00000024866","Xdh"
"ENSMUST00000024869","Spast"
"ENSMUST00000024880","Vit"
"ENSMUST00000024888","Pja2"
"ENSMUST00000024909","Ndufv2"
"ENSMUST00000024936","Prss30"
"ENSMUST00000024944","Slc3a1"
"ENSMUST00000024954","Epas1"
"ENSMUST00000024956","Rhoq"
"ENSMUST00000024957","Pigf"
"ENSMUST00000024970","Gtf2a1l"
"ENSMUST00000024974","Hagh"
"ENSMUST00000024983","Ift140"
"ENSMUST00000025025","Dusp1"
"ENSMUST00000025045","Uqcc2"
"ENSMUST00000025060","Armc12"
"ENSMUST00000025062","Clps"
"ENSMUST00000025076","Lyzl1"
"ENSMUST00000025079","Svil"
"ENSMUST00000025083","Kif5b"
"ENSMUST00000025106","Polr2d"
"ENSMUST00000025110","Syt4"
"ENSMUST00000025117","Celf4"
"ENSMUST00000025127","Mapre2"
"ENSMUST00000025196","Psmb8"
"ENSMUST00000025217","Hspa9"
"ENSMUST00000025229","Cfb"
"ENSMUST00000025236","Stard4"
"ENSMUST00000025239","Bin1"
"ENSMUST00000025246","Csnk2b"
"ENSMUST00000025249","Apom"
"ENSMUST00000025250","Bag6"
"ENSMUST00000025257","Aif1"
"ENSMUST00000025262","Ltb"
"ENSMUST00000025273","Psors1c2"
"ENSMUST00000025279","Npc1"
"ENSMUST00000025290","Impact"
"ENSMUST00000025292","Dhx16"
"ENSMUST00000025349","Myot"
"ENSMUST00000025379","Dpysl3"
"ENSMUST00000025394","Sec11c"
"ENSMUST00000025395","Grp"
"ENSMUST00000025397","Cplx4"
"ENSMUST00000025404","Cidea"
"ENSMUST00000025439","Me2"
"ENSMUST00000025468","Pde6a"
"ENSMUST00000025497","Fbn2"
"ENSMUST00000025521","Cdx1"
"ENSMUST00000025542","Psat1"
"ENSMUST00000025546","Cndp2"
"ENSMUST00000025554","Scgb1a1"
"ENSMUST00000025571","Cd5"
"ENSMUST00000025580","Ms4a6b"
"ENSMUST00000025585","Gif"
"ENSMUST00000025598","Keg1"
"ENSMUST00000025617","Rfk"
"ENSMUST00000025631","Ostf1"
"ENSMUST00000025636","Ms4a8a"
"ENSMUST00000025641","Zp1"
"ENSMUST00000025645","Tmem132a"
"ENSMUST00000025647","Pga5"
"ENSMUST00000025666","Slc22a19"
"ENSMUST00000025667","Rtn3"
"ENSMUST00000025675","Naa40"
"ENSMUST00000025695","Ppp2r5b"
"ENSMUST00000025704","Cdca5"
"ENSMUST00000025718","Ankrd1"
"ENSMUST00000025724","Il33"
"ENSMUST00000025728","Frmd8"
"ENSMUST00000025760","Chka"
"ENSMUST00000025778","Gldc"
"ENSMUST00000025779","Cdk2ap2"
"ENSMUST00000025797","Mbl2"
"ENSMUST00000025805","Cnih2"
"ENSMUST00000025833","Papss2"
"ENSMUST00000025835","Cpt1a"
"ENSMUST00000025842","Gal"
"ENSMUST00000025866","Vldlr"
"ENSMUST00000025904","Prdx5"
"ENSMUST00000025925","Pla2g16"
"ENSMUST00000025930","Smc3"
"ENSMUST00000025951","Rbp4"
"ENSMUST00000025961","Prdx3"
"ENSMUST00000025966","Cyp2c55"
"ENSMUST00000026012","Cyp17a1"
"ENSMUST00000026032","Pcgf6"
"ENSMUST00000026045","Col17a1"
"ENSMUST00000026062","Casp7"
"ENSMUST00000026081","Pnliprp2"
"ENSMUST00000026096","Bnc1"
"ENSMUST00000026120","Bhlhe22"
"ENSMUST00000026122","P4hb"
"ENSMUST00000026125","Alyref"
"ENSMUST00000026142","Maged1"
"ENSMUST00000026144","Dcxr"
"ENSMUST00000026172","Ankrd2"
"ENSMUST00000026196","Got1"
"ENSMUST00000026210","Cpn1"
"ENSMUST00000026211","Cyp2c44"
"ENSMUST00000026221","Scd2"
"ENSMUST00000026324","Acot9"
"ENSMUST00000026328","Prdx4"
"ENSMUST00000026377","Padi3"
"ENSMUST00000026378","Padi1"
"ENSMUST00000026387","Sbds"
"ENSMUST00000026398","Mettl7b"
"ENSMUST00000026414","Dgka"
"ENSMUST00000026452","Pde6g"
"ENSMUST00000026455","Mip"
"ENSMUST00000026498","Crisp1"
"ENSMUST00000026499","Crisp3"
"ENSMUST00000026500","Avil"
"ENSMUST00000026519","4833420G17Rik"
"ENSMUST00000026540","Prap1"
"ENSMUST00000026550","Inpp5a"
"ENSMUST00000026555","Odf3"
"ENSMUST00000026602","2010106E10Rik"
"ENSMUST00000026617","Phkg1"
"ENSMUST00000026624","Tm9sf2"
"ENSMUST00000026662","Cbx2"
"ENSMUST00000026665","Cbx4"
"ENSMUST00000026666","Gaa"
"ENSMUST00000026670","Nptx1"
"ENSMUST00000026698","Podxl"
"ENSMUST00000026737","Shisa5"
"ENSMUST00000026743","Uqcrc1"
"ENSMUST00000026817","Nmb"
"ENSMUST00000026828","Fam195a"
"ENSMUST00000026839","Prps2"
"ENSMUST00000026858","Plk4"
"ENSMUST00000026879","Gdap1"
"ENSMUST00000026897","Slco3a1"
"ENSMUST00000026907","Cyp4v3"
"ENSMUST00000026912","1700008F21Rik"
"ENSMUST00000026956","Pramel6"
"ENSMUST00000026973","Prkar1b"
"ENSMUST00000026985","Cplx2"
"ENSMUST00000026989","4833439L19Rik"
"ENSMUST00000027015","Casp1"
"ENSMUST00000027020","Gria4"
"ENSMUST00000027049","Ppp1r42"
"ENSMUST00000027053","Rdh10"
"ENSMUST00000027068","Tram1"
"ENSMUST00000027090","Crygb"
"ENSMUST00000027111","Ndufs1"
"ENSMUST00000027144","Cps1"
"ENSMUST00000027165","Cd28"
"ENSMUST00000027217","1500015O10Rik"
"ENSMUST00000027243","Il1r2"
"ENSMUST00000027263","Stk17b"
"ENSMUST00000027277","Stat4"
"ENSMUST00000027279","Nabp1"
"ENSMUST00000027285","Unc50"
"ENSMUST00000027297","Plekhb2"
"ENSMUST00000027299","Prss39"
"ENSMUST00000027302","Ptpn18"
"ENSMUST00000027331","Tm4sf20"
"ENSMUST00000027356","Cyp27a1"
"ENSMUST00000027366","Vil1"
"ENSMUST00000027370","Pnkd"
"ENSMUST00000027374","Tnp1"
"ENSMUST00000027377","Igfbp5"
"ENSMUST00000027381","Pecr"
"ENSMUST00000027404","Ptprn"
"ENSMUST00000027425","Itm2c"
"ENSMUST00000027444","Pde6d"
"ENSMUST00000027467","Serpine2"
"ENSMUST00000027472","Efhd1"
"ENSMUST00000027477","Ngef"
"ENSMUST00000027491","Agxt"
"ENSMUST00000027493","Pask"
"ENSMUST00000027512","Atg16l1"
"ENSMUST00000027518","Spp2"
"ENSMUST00000027528","Mlph"
"ENSMUST00000027566","Serpinb11"
"ENSMUST00000027582","Lypd1"
"ENSMUST00000027601","Mcm6"
"ENSMUST00000027603","Rgs18"
"ENSMUST00000027612","Gm4788"
"ENSMUST00000027615","F13b"
"ENSMUST00000027629","Tfcp2l1"
"ENSMUST00000027632","Epb4.1l5"
"ENSMUST00000027634","Dbi"
"ENSMUST00000027639","Marco"
"ENSMUST00000027649","Nr5a2"
"ENSMUST00000027657","C4bp"
"ENSMUST00000027667","Pkp1"
"ENSMUST00000027671","Tnnt2"
"ENSMUST00000027677","Csrp1"
"ENSMUST00000027682","Gpr37l1"
"ENSMUST00000027687","Ube2t"
"ENSMUST00000027688","Rassf5"
"ENSMUST00000027695","Slc45a3"
"ENSMUST00000027752","Lamc1"
"ENSMUST00000027753","Lamc2"
"ENSMUST00000027768","Ahctf1"
"ENSMUST00000027780","Acbd3"
"ENSMUST00000027783","Desi2"
"ENSMUST00000027810","Fh1"
"ENSMUST00000027816","Mptx1"
"ENSMUST00000027846","Tada1"
"ENSMUST00000027853","Mpc2"
"ENSMUST00000027863","Atp1b1"
"ENSMUST00000027877","Kifap3"
"ENSMUST00000027916","Bpnt1"
"ENSMUST00000027955","Olah"
"ENSMUST00000027961","Hspa14"
"ENSMUST00000027975","Phyh"
"ENSMUST00000027991","Rgs4"
"ENSMUST00000027997","Rgs5"
"ENSMUST00000028000","Nuf2"
"ENSMUST00000028004","Aldh9a1"
"ENSMUST00000028005","Mgst3"
"ENSMUST00000028010","Fmo3"
"ENSMUST00000028020","Myoc"
"ENSMUST00000028045","Mrc1"
"ENSMUST00000028071","Bmi1"
"ENSMUST00000028076","Mllt10"
"ENSMUST00000028084","Nr5a1"
"ENSMUST00000028105","Fam188a"
"ENSMUST00000028106","Itga8"
"ENSMUST00000028114","Pfkfb3"
"ENSMUST00000028119","Mastl"
"ENSMUST00000028128","Odf2"
"ENSMUST00000028135","Fam129b"
"ENSMUST00000028139","Med27"
"ENSMUST00000028148","Fpgs"
"ENSMUST00000028161","Cel"
"ENSMUST00000028175","Cytip"
"ENSMUST00000028177","Olfm1"
"ENSMUST00000028200","Tor1a"
"ENSMUST00000028222","Hspa5"
"ENSMUST00000028233","Hc"
"ENSMUST00000028241","Stom"
"ENSMUST00000028251","Rbm18"
"ENSMUST00000028252","Grb14"
"ENSMUST00000028280","Col5a1"
"ENSMUST00000028283","Lcn4"
"ENSMUST00000028288","Notch1"
"ENSMUST00000028299","1700019N19Rik"
"ENSMUST00000028304","Lcn3"
"ENSMUST00000028307","Fcna"
"ENSMUST00000028337","Lrrc26"
"ENSMUST00000028346","Fam166a"
"ENSMUST00000028350","Zmynd19"
"ENSMUST00000028356","Cd302"
"ENSMUST00000028368","Wdsub1"
"ENSMUST00000028389","Frzb"
"ENSMUST00000028392","Dnajc10"
"ENSMUST00000028408","Hat1"
"ENSMUST00000028430","Cyct"
"ENSMUST00000028467","Prg2"
"ENSMUST00000028494","Phospho2"
"ENSMUST00000028509","Gorasp2"
"ENSMUST00000028522","Itga6"
"ENSMUST00000028525","Rapgef4"
"ENSMUST00000028527","Kif18a"
"ENSMUST00000028533","Fshb"
"ENSMUST00000028595","Depdc7"
"ENSMUST00000028609","Elf5"
"ENSMUST00000028624","Gatm"
"ENSMUST00000028630","Slc12a1"
"ENSMUST00000028633","Fbn1"
"ENSMUST00000028639","Meis2"
"ENSMUST00000028640","Dph6"
"ENSMUST00000028648","Syt13"
"ENSMUST00000028677","Hypk"
"ENSMUST00000028681","F2"
"ENSMUST00000028696","Ddb2"
"ENSMUST00000028704","Hao1"
"ENSMUST00000028727","Snap25"
"ENSMUST00000028755","Ehd4"
"ENSMUST00000028758","Itpka"
"ENSMUST00000028763","Tyro3"
"ENSMUST00000028764","Oxt"
"ENSMUST00000028783","Spint1"
"ENSMUST00000028795","Rad51"
"ENSMUST00000028806","Smox"
"ENSMUST00000028826","Chgb"
"ENSMUST00000028834","Tmco5"
"ENSMUST00000028838","Hdc"
"ENSMUST00000028856","Mall"
"ENSMUST00000028857","Nphp1"
"ENSMUST00000028864","Fbln7"
"ENSMUST00000028880","Slc20a1"
"ENSMUST00000028892","Idh3b"
"ENSMUST00000028905","Pcsk2"
"ENSMUST00000028907","Bfsp1"
"ENSMUST00000028926","Napb"
"ENSMUST00000028931","Cst8"
"ENSMUST00000028932","Cst12"
"ENSMUST00000028935","Cst9"
"ENSMUST00000028944","Acss1"
"ENSMUST00000028950","Sdcbp2"
"ENSMUST00000028969","Tpx2"
"ENSMUST00000028970","Mylk2"
"ENSMUST00000028985","Bpifa1"
"ENSMUST00000028987","Bpifb1"
"ENSMUST00000028997","Aurka"
"ENSMUST00000028999","Pkia"
"ENSMUST00000029002","Stmn2"
"ENSMUST00000029013","Rae1"
"ENSMUST00000029014","Rbm38"
"ENSMUST00000029047","Snx16"
"ENSMUST00000029060","Atp9a"
"ENSMUST00000029061","Sall4"
"ENSMUST00000029069","E2f5"
"ENSMUST00000029078","Car2"
"ENSMUST00000029116","Pcmtd2"
"ENSMUST00000029120","Raly"
"ENSMUST00000029128","Map1lc3a"
"ENSMUST00000029132","Dnajc5b"
"ENSMUST00000029140","Procr"
"ENSMUST00000029172","Ghrh"
"ENSMUST00000029208","Slc13a3"
"ENSMUST00000029217","Ndufb5"
"ENSMUST00000029240","Slc2a2"
"ENSMUST00000029271","Trpc3"
"ENSMUST00000029274","Adad1"
"ENSMUST00000029325","Aadac"
"ENSMUST00000029346","Schip1"
"ENSMUST00000029368","Ccna1"
"ENSMUST00000029374","Nbea"
"ENSMUST00000029377","Tm4sf4"
"ENSMUST00000029385","Serp1"
"ENSMUST00000029400","Mme"
"ENSMUST00000029448","Sycp1"
"ENSMUST00000029450","Tshb"
"ENSMUST00000029454","Casq2"
"ENSMUST00000029464","Hao2"
"ENSMUST00000029465","Hsd3b1"
"ENSMUST00000029477","Slc25a24"
"ENSMUST00000029521","Crct1"
"ENSMUST00000029524","Lce1d"
"ENSMUST00000029530","Lce1a2"
"ENSMUST00000029531","Lce1b"
"ENSMUST00000029547","Creb3l4"
"ENSMUST00000029574","Vcam1"
"ENSMUST00000029611","Lef1"
"ENSMUST00000029625","Sfrp2"
"ENSMUST00000029628","Plrg1"
"ENSMUST00000029635","Gucy1b3"
"ENSMUST00000029643","Gar1"
"ENSMUST00000029645","Tdo2"
"ENSMUST00000029653","Egf"
"ENSMUST00000029654","Glrb"
"ENSMUST00000029657","Pitx2"
"ENSMUST00000029717","Cd1d1"
"ENSMUST00000029729","Fmo5"
"ENSMUST00000029753","Ecm1"
"ENSMUST00000029761","Myoz2"
"ENSMUST00000029766","Bcar3"
"ENSMUST00000029769","Gclm"
"ENSMUST00000029770","Abcd3"
"ENSMUST00000029771","F3"
"ENSMUST00000029773","Cnn3"
"ENSMUST00000029777","Tmem56"
"ENSMUST00000029780","Ptbp2"
"ENSMUST00000029796","Rap1gds1"
"ENSMUST00000029800","Tspan5"
"ENSMUST00000029805","Mttp"
"ENSMUST00000029810","Slc39a8"
"ENSMUST00000029824","Rpe65"
"ENSMUST00000029837","Uox"
"ENSMUST00000029846","Cyr61"
"ENSMUST00000029850","Cryz"
"ENSMUST00000029865","Trp53inp1"
"ENSMUST00000029871","Cdh17"
"ENSMUST00000029877","Decr1"
"ENSMUST00000029905","Cyp7a1"
"ENSMUST00000029922","Fhl5"
"ENSMUST00000029929","Clca2"
"ENSMUST00000029938","Gtf2b"
"ENSMUST00000029946","Rragd"
"ENSMUST00000029950","Casp8ap2"
"ENSMUST00000029970","Slc35a1"
"ENSMUST00000029975","Cga"
"ENSMUST00000029987","Aldob"
"ENSMUST00000030010","Abca1"
"ENSMUST00000030021","Coro2a"
"ENSMUST00000030036","Brinp1"
"ENSMUST00000030039","Fmn2"
"ENSMUST00000030041","Ambp"
"ENSMUST00000030044","Orm1"
"ENSMUST00000030056","Tnc"
"ENSMUST00000030091","Pole3"
"ENSMUST00000030122","Spink4"
"ENSMUST00000030145","Dcaf12"
"ENSMUST00000030184","Tpm2"
"ENSMUST00000030202","Glipr2"
"ENSMUST00000030212","Sh3gl2"
"ENSMUST00000030248","Tctex1d1"
"ENSMUST00000030261","2610528J11Rik"
"ENSMUST00000030280","Angptl3"
"ENSMUST00000030299","Cyp2j5"
"ENSMUST00000030309","Eqtn"
"ENSMUST00000030317","Pdpn"
"ENSMUST00000030345","Cpt2"
"ENSMUST00000030348","Magoh"
"ENSMUST00000030381","Ctps"
"ENSMUST00000030396","Ermap"
"ENSMUST00000030398","Slc2a1"
"ENSMUST00000030399","Rragc"
"ENSMUST00000030455","Akr1a1"
"ENSMUST00000030456","Nasp"
"ENSMUST00000030465","Tspan1"
"ENSMUST00000030474","Nsun4"
"ENSMUST00000030487","Cyp4a14"
"ENSMUST00000030488","Pdzk1ip1"
"ENSMUST00000030491","Cmpk1"
"ENSMUST00000030526","Pla2g2f"
"ENSMUST00000030535","Cda"
"ENSMUST00000030536","Pink1"
"ENSMUST00000030551","Alpl"
"ENSMUST00000030568","Sema3c"
"ENSMUST00000030572","Hpca"
"ENSMUST00000030575","Tmem54"
"ENSMUST00000030578","Ptp4a2"
"ENSMUST00000030584","Rnf19b"
"ENSMUST00000030588","Phc2"
"ENSMUST00000030622","Syf2"
"ENSMUST00000030627","Rhd"
"ENSMUST00000030637","Ncdn"
"ENSMUST00000030651","Sh3bgrl3"
"ENSMUST00000030658","Tekt2"
"ENSMUST00000030661","Gpn2"
"ENSMUST00000030677","Map3k6"
"ENSMUST00000030709","Smpdl3b"
"ENSMUST00000030734","Sf3a3"
"ENSMUST00000030739","Epb4.1"
"ENSMUST00000030765","Padi2"
"ENSMUST00000030768","Kcnab2"
"ENSMUST00000030778","Galntl5"
"ENSMUST00000030779","Acot7"
"ENSMUST00000030791","Smarcd3"
"ENSMUST00000030805","Park7"
"ENSMUST00000030806","Kif1b"
"ENSMUST00000030811","Errfi1"
"ENSMUST00000030817","Car6"
"ENSMUST00000030826","Slc2a5"
"ENSMUST00000030830","H6pd"
"ENSMUST00000030839","Ctnnbip1"
"ENSMUST00000030860","Mad2l2"
"ENSMUST00000030872","Orc5"
"ENSMUST00000030925","Gabrd"
"ENSMUST00000030935","Fam213b"
"ENSMUST00000030937","Mmp23"
"ENSMUST00000030940","Gnb1"
"ENSMUST00000030947","Mxra8"
"ENSMUST00000030964","Cd38"
"ENSMUST00000030968","Pacrgl"
"ENSMUST00000030971","Gpr125"
"ENSMUST00000030985","Hgfac"
"ENSMUST00000031004","Crmp1"
"ENSMUST00000031009","Nsg1"
"ENSMUST00000031051","Cgref1"
"ENSMUST00000031055","Emilin1"
"ENSMUST00000031072","Anapc4"
"ENSMUST00000031090","Sel1l3"
"ENSMUST00000031093","Cckar"
"ENSMUST00000031106","Rhoh"
"ENSMUST00000031117","Gnpda2"
"ENSMUST00000031122","Gabrb1"
"ENSMUST00000031131","Uchl1"
"ENSMUST00000031143","Srd5a3"
"ENSMUST00000031145","Pdcl2"
"ENSMUST00000031181","Ugt2b34"
"ENSMUST00000031183","Ugt2b1"
"ENSMUST00000031195","Ugt2a3"
"ENSMUST00000031199","Sult1b1"
"ENSMUST00000031201","Sult1e1"
"ENSMUST00000031211","Smr3a"
"ENSMUST00000031221","Cdc7"
"ENSMUST00000031224","Tgfbr3"
"ENSMUST00000031229","Rufy3"
"ENSMUST00000031235","Gbp8"
"ENSMUST00000031246","Ibsp"
"ENSMUST00000031286","Crybb1"
"ENSMUST00000031287","Tpst2"
"ENSMUST00000031295","Crybb2"
"ENSMUST00000031304","Tesc"
"ENSMUST00000031311","Dck"
"ENSMUST00000031314","Alb"
"ENSMUST00000031318","Cxcl5"
"ENSMUST00000031319","Ppbp"
"ENSMUST00000031320","Pf4"
"ENSMUST00000031322","Cxcl15"
"ENSMUST00000031325","Areg"
"ENSMUST00000031331","Ccng2"
"ENSMUST00000031334","Eif2b1"
"ENSMUST00000031345","Rchy1"
"ENSMUST00000031355","Uso1"
"ENSMUST00000031367","Slc15a4"
"ENSMUST00000031434","Rnf34"
"ENSMUST00000031456","Pde6b"
"ENSMUST00000031486","Prkab1"
"ENSMUST00000031495","Pla2g1b"
"ENSMUST00000031587","Ung"
"ENSMUST00000031640","Cdk8"
"ENSMUST00000031650","Cdx2"
"ENSMUST00000031653","Flt1"
"ENSMUST00000031663","C8b"
"ENSMUST00000031674","Tfpi2"
"ENSMUST00000031678","Tspan12"
"ENSMUST00000031694","Lmod2"
"ENSMUST00000031695","Wasl"
"ENSMUST00000031697","Cul1"
"ENSMUST00000031707","Aass"
"ENSMUST00000031713","Slc13a1"
"ENSMUST00000031719","Fscn3"
"ENSMUST00000031729","Tfr2"
"ENSMUST00000031731","Pcolce"
"ENSMUST00000031741","Cyp3a13"
"ENSMUST00000031766","Asns"
"ENSMUST00000031779","Calu"
"ENSMUST00000031788","Hibadh"
"ENSMUST00000031795","Fkbp9"
"ENSMUST00000031806","Cpa1"
"ENSMUST00000031822","Abcg2"
"ENSMUST00000031835","Aoc1"
"ENSMUST00000031837","1600015I10Rik"
"ENSMUST00000031843","Npy"
"ENSMUST00000031897","Gstk1"
"ENSMUST00000031898","Sval1"
"ENSMUST00000031931","2210010C04Rik"
"ENSMUST00000031937","Moxd2"
"ENSMUST00000031967","Prss37"
"ENSMUST00000032073","Nat8"
"ENSMUST00000032074","Cml5"
"ENSMUST00000032089","Reg3g"
"ENSMUST00000032128","Gkn2"
"ENSMUST00000032129","Gkn1"
"ENSMUST00000032141","Hmces"
"ENSMUST00000032152","Prok2"
"ENSMUST00000032172","Chchd6"
"ENSMUST00000032175","Aldh1l1"
"ENSMUST00000032183","Tmem43"
"ENSMUST00000032185","Slc6a6"
"ENSMUST00000032192","Itpr1"
"ENSMUST00000032210","Mfap5"
"ENSMUST00000032262","Clec1b"
"ENSMUST00000032264","Gabarapl1"
"ENSMUST00000032265","Olr1"
"ENSMUST00000032309","Ybx3"
"ENSMUST00000032336","Plbd1"
"ENSMUST00000032338","Gucy2c"
"ENSMUST00000032344","Arhgdib"
"ENSMUST00000032347","Rerg"
"ENSMUST00000032356","Plcz1"
"ENSMUST00000032376","Lmcd1"
"ENSMUST00000032383","Sspn"
"ENSMUST00000032396","Lrmp"
"ENSMUST00000032402","Bcat1"
"ENSMUST00000032416","Cidec"
"ENSMUST00000032419","Cmas"
"ENSMUST00000032440","Sec13"
"ENSMUST00000032454","Slc6a1"
"ENSMUST00000032473","Iigp1"
"ENSMUST00000032476","Slc2a3"
"ENSMUST00000032477","Necap1"
"ENSMUST00000032486","Cd27"
"ENSMUST00000032487","Vamp1"
"ENSMUST00000032508","Fkbp4"
"ENSMUST00000032520","Ceacam12"
"ENSMUST00000032539","Slc27a5"
"ENSMUST00000032559","Rtn2"
"ENSMUST00000032573","Pglyrp1"
"ENSMUST00000032594","Ttyh1"
"ENSMUST00000032627","Tubgcp5"
"ENSMUST00000032658","Csrp3"
"ENSMUST00000032703","Slc7a9"
"ENSMUST00000032710","Slc17a6"
"ENSMUST00000032768","Nr2f2"
"ENSMUST00000032781","Nox4"
"ENSMUST00000032800","Tyrobp"
"ENSMUST00000032813","Ryr1"
"ENSMUST00000032825","Mfge8"
"ENSMUST00000032865","Fah"
"ENSMUST00000032902","Calcb"
"ENSMUST00000032906","Calca"
"ENSMUST00000032927","Stard10"
"ENSMUST00000032934","Aldoa"
"ENSMUST00000032955","Klk7"
"ENSMUST00000032969","Pold3"
"ENSMUST00000032988","Prss8"
"ENSMUST00000032997","Lat"
"ENSMUST00000033023","Aqp8"
"ENSMUST00000033036","Dkk3"
"ENSMUST00000033040","Pak1"
"ENSMUST00000033049","Cox6a2"
"ENSMUST00000033050","Lyve1"
"ENSMUST00000033057","Dkkl1"
"ENSMUST00000033063","Cd37"
"ENSMUST00000033096","Nucb1"
"ENSMUST00000033136","Bag3"
"ENSMUST00000033141","Tacc2"
"ENSMUST00000033142","Ptpn5"
"ENSMUST00000033154","Plk1"
"ENSMUST00000033169","Cdr2"
"ENSMUST00000033176","Uqcrc2"
"ENSMUST00000033185","Hpx"
"ENSMUST00000033198","Crym"
"ENSMUST00000033207","Zp2"
"ENSMUST00000033236","Thumpd1"
"ENSMUST00000033255","Gp2"
"ENSMUST00000033263","Umod"
"ENSMUST00000033269","Ctbp2"
"ENSMUST00000033283","Rrm1"
"ENSMUST00000033331","Nrip3"
"ENSMUST00000033378","Ebf3"
"ENSMUST00000033383","Usp11"
"ENSMUST00000033393","Ano1"
"ENSMUST00000033414","Slc6a14"
"ENSMUST00000033427","Sash3"
"ENSMUST00000033444","2610018G03Rik"
"ENSMUST00000033473","Fgf13"
"ENSMUST00000033477","F9"
"ENSMUST00000033480","Atp11c"
"ENSMUST00000033509","Ebp"
"ENSMUST00000033519","Dynlt3"
"ENSMUST00000033541","Fundc2"
"ENSMUST00000033547","Pls3"
"ENSMUST00000033553","Heph"
"ENSMUST00000033578","Magee1"
"ENSMUST00000033585","Pgk2"
"ENSMUST00000033591","Itm2a"
"ENSMUST00000033598","Sh3bgrl"
"ENSMUST00000033608","Sytl4"
"ENSMUST00000033650","Rs1"
"ENSMUST00000033662","Pdha1"
"ENSMUST00000033664","Il2rg"
"ENSMUST00000033674","Itgb1bp2"
"ENSMUST00000033699","Flna"
"ENSMUST00000033720","Rbbp7"
"ENSMUST00000033725","Msl3"
"ENSMUST00000033734","Ap1s2"
"ENSMUST00000033751","Figf"
"ENSMUST00000033752","Slc6a8"
"ENSMUST00000033754","Piga"
"ENSMUST00000033755","Asb11"
"ENSMUST00000033800","Plp1"
"ENSMUST00000033809","Prps1"
"ENSMUST00000033818","Atp11a"
"ENSMUST00000033821","F10"
"ENSMUST00000033824","Lamp1"
"ENSMUST00000033826","Atp4b"
"ENSMUST00000033828","Gas6"
"ENSMUST00000033830","1700029H14Rik"
"ENSMUST00000033842","Myom2"
"ENSMUST00000033852","Defb3"
"ENSMUST00000033854","Defb8"
"ENSMUST00000033876","Gpr124"
"ENSMUST00000033898","Col4a1"
"ENSMUST00000033899","Col4a2"
"ENSMUST00000033915","Gpm6a"
"ENSMUST00000033917","Spata4"
"ENSMUST00000033918","Asb5"
"ENSMUST00000033933","Tmem66"
"ENSMUST00000033938","Polb"
"ENSMUST00000033941","Plat"
"ENSMUST00000033956","Ido1"
"ENSMUST00000033958","Adam3"
"ENSMUST00000033992","Gsr"
"ENSMUST00000034003","Fgl1"
"ENSMUST00000034012","Cnot7"
"ENSMUST00000034015","Sc4mol"
"ENSMUST00000034017","Klhl2"
"ENSMUST00000034022","Sap30"
"ENSMUST00000034030","Tmem184c"
"ENSMUST00000034048","4933411K20Rik"
"ENSMUST00000034049","Slc25a4"
"ENSMUST00000034052","Anxa10"
"ENSMUST00000034053","Pdlim3"
"ENSMUST00000034057","Palld"
"ENSMUST00000034074","N4bp1"
"ENSMUST00000034076","Cbln1"
"ENSMUST00000034085","Brd7"
"ENSMUST00000034132","Orc6"
"ENSMUST00000034136","Gpt2"
"ENSMUST00000034146","Ucp1"
"ENSMUST00000034178","Ces1f"
"ENSMUST00000034187","Mmp2"
"ENSMUST00000034189","Ces1c"
"ENSMUST00000034198","Gnao1"
"ENSMUST00000034205","Cenpn"
"ENSMUST00000034207","Mt4"
"ENSMUST00000034211","Mt3"
"ENSMUST00000034214","Mt2"
"ENSMUST00000034215","Mt1"
"ENSMUST00000034220","Herpud1"
"ENSMUST00000034230","Cx3cl1"
"ENSMUST00000034234","Coq9"
"ENSMUST00000034240","Kifc3"
"ENSMUST00000034244","Tmem38a"
"ENSMUST00000034261","Insl3"
"ENSMUST00000034301","Rab3a"
"ENSMUST00000034303","Mphosph6"
"ENSMUST00000034304","Hsd17b2"
"ENSMUST00000034344","Cmtm2a"
"ENSMUST00000034346","Ces2a"
"ENSMUST00000034363","Hsd11b2"
"ENSMUST00000034368","Ctrl"
"ENSMUST00000034371","Dpep3"
"ENSMUST00000034377","Pla2g15"
"ENSMUST00000034393","Tmed6"
"ENSMUST00000034400","Cyb5b"
"ENSMUST00000034435","Ctrb1"
"ENSMUST00000034469","Egln1"
"ENSMUST00000034473","Spata19"
"ENSMUST00000034499","Dcun1d5"
"ENSMUST00000034508","Usp2"
"ENSMUST00000034511","Trim29"
"ENSMUST00000034534","Ets1"
"ENSMUST00000034537","St3gal4"
"ENSMUST00000034543","Rpusd4"
"ENSMUST00000034552","Fdx1"
"ENSMUST00000034554","Pou2af1"
"ENSMUST00000034585","Apoa4"
"ENSMUST00000034586","Apoc3"
"ENSMUST00000034588","Apoa1"
"ENSMUST00000034590","Tagln"
"ENSMUST00000034600","Mpzl2"
"ENSMUST00000034602","Cd3d"
"ENSMUST00000034609","Treh"
"ENSMUST00000034610","Pate4"
"ENSMUST00000034612","Ddx25"
"ENSMUST00000034625","Chek1"
"ENSMUST00000034630","Fez1"
"ENSMUST00000034650","Mcam"
"ENSMUST00000034699","Scg3"
"ENSMUST00000034709","Bcl2l10"
"ENSMUST00000034723","Aldh1a2"
"ENSMUST00000034731","Lipc"
"ENSMUST00000034739","Rnf111"
"ENSMUST00000034742","Ccnb2"
"ENSMUST00000034746","Mns1"
"ENSMUST00000034755","Tcf12"
"ENSMUST00000034761","Narg2"
"ENSMUST00000034763","Rp9"
"ENSMUST00000034766","Rora"
"ENSMUST00000034777","Calml4"
"ENSMUST00000034796","Elovl4"
"ENSMUST00000034808","Nnmt"
"ENSMUST00000034811","Cyp19a1"
"ENSMUST00000034815","Kif23"
"ENSMUST00000034822","Acsbg1"
"ENSMUST00000034834","Pkm"
"ENSMUST00000034860","Cyp1a2"
"ENSMUST00000034903","Gsta4"
"ENSMUST00000034904","Elovl5"
"ENSMUST00000034911","Tinag"
"ENSMUST00000034912","Rasgrf1"
"ENSMUST00000034927","Zic1"
"ENSMUST00000034929","Lactb"
"ENSMUST00000034932","Plscr2"
"ENSMUST00000034946","Snx1"
"ENSMUST00000034973","Smad3"
"ENSMUST00000034980","Atr"
"ENSMUST00000034984","Rasa2"
"ENSMUST00000034989","Me1"
"ENSMUST00000035009","Cmtm7"
"ENSMUST00000035010","Stt3b"
"ENSMUST00000035014","Tgfbr2"
"ENSMUST00000035020","Eomes"
"ENSMUST00000035027","Clstn2"
"ENSMUST00000035029","Rbp2"
"ENSMUST00000035048","Cldn18"
"ENSMUST00000035055","Map4"
"ENSMUST00000035058","Cspg5"
"ENSMUST00000035061","Ngp"
"ENSMUST00000035077","Ltf"
"ENSMUST00000035085","Arpp21"
"ENSMUST00000035110","Hhatl"
"ENSMUST00000035120","Cck"
"ENSMUST00000035121","Amotl2"
"ENSMUST00000035148","Slco2a1"
"ENSMUST00000035155","Rab6b"
"ENSMUST00000035163","1300017J02Rik"
"ENSMUST00000035164","Topbp1"
"ENSMUST00000035170","Dnajc13"
"ENSMUST00000035180","1700080E11Rik"
"ENSMUST00000035222","Slc25a20"
"ENSMUST00000035234","1700102P08Rik"
"ENSMUST00000035243","Spert"
"ENSMUST00000035258","Ms4a4b"
"ENSMUST00000035269","Pygm"
"ENSMUST00000035273","Prl3b1"
"ENSMUST00000035283","Nup88"
"ENSMUST00000035295","Degs1"
"ENSMUST00000035323","Spib"
"ENSMUST00000035325","Qsox1"
"ENSMUST00000035371","Sv2a"
"ENSMUST00000035390","Azgp1"
"ENSMUST00000035471","Lama1"
"ENSMUST00000035560","Acbd6"
"ENSMUST00000035563","Tspan8"
"ENSMUST00000035625","Cyp7b1"
"ENSMUST00000035640","1700065I17Rik"
"ENSMUST00000035672","Ppl"
"ENSMUST00000035682","Ypel1"
"ENSMUST00000035695","Rbp3"
"ENSMUST00000035748","Armcx1"
"ENSMUST00000035780","Oma1"
"ENSMUST00000035799","Fgl2"
"ENSMUST00000035849","1700028P14Rik"
"ENSMUST00000035854","Cdrt4"
"ENSMUST00000035890","Slc7a13"
"ENSMUST00000035918","Cyp3a11"
"ENSMUST00000035938","Ccl5"
"ENSMUST00000035952","Ngf"
"ENSMUST00000035988","Txndc5"
"ENSMUST00000036045","Leap2"
"ENSMUST00000036060","Isl1"
"ENSMUST00000036089","Trim69"
"ENSMUST00000036153","Cops8"
"ENSMUST00000036177","En2"
"ENSMUST00000036206","Ccdc92"
"ENSMUST00000036273","Nfkbiz"
"ENSMUST00000036274","Spcs2"
"ENSMUST00000036303","Htr2c"
"ENSMUST00000036315","Gria1"
"ENSMUST00000036347","Snap91"
"ENSMUST00000036355","Phldb2"
"ENSMUST00000036382","Glyctk"
"ENSMUST00000036387","S100b"
"ENSMUST00000036424","Alox12b"
"ENSMUST00000036493","Atp1a1"
"ENSMUST00000036509","Ubac1"
"ENSMUST00000036540","Fam117b"
"ENSMUST00000036584","Pank1"
"ENSMUST00000036615","Ptplad1"
"ENSMUST00000036631","Dusp26"
"ENSMUST00000036649","Coil"
"ENSMUST00000036665","Cog6"
"ENSMUST00000036854","Efhd2"
"ENSMUST00000036928","Ephx1"
"ENSMUST00000036952","9530068E07Rik"
"ENSMUST00000036954","Gbx2"
"ENSMUST00000036972","3632451O06Rik"
"ENSMUST00000036991","Hspb8"
"ENSMUST00000036992","Lmo1"
"ENSMUST00000037007","Evpl"
"ENSMUST00000037048","Mmd2"
"ENSMUST00000037059","Ctrc"
"ENSMUST00000037064","Slc25a37"
"ENSMUST00000037115","Med30"
"ENSMUST00000037119","Dlx1"
"ENSMUST00000037190","2700029M09Rik"
"ENSMUST00000037287","Cdkn1c"
"ENSMUST00000037315","Abhd2"
"ENSMUST00000037324","Skp1a"
"ENSMUST00000037330","Inha"
"ENSMUST00000037333","Ccnd3"
"ENSMUST00000037337","Tbc1d19"
"ENSMUST00000037362","Naa30"
"ENSMUST00000037375","Eps8l3"
"ENSMUST00000037380","Atp8a1"
"ENSMUST00000037399","Blvrb"
"ENSMUST00000037491","F13a1"
"ENSMUST00000037504","Vwa9"
"ENSMUST00000037636","Ina"
"ENSMUST00000037685","Spt1"
"ENSMUST00000037687","Tmem35"
"ENSMUST00000037709","Tm7sf3"
"ENSMUST00000037718","Fbxo15"
"ENSMUST00000037798","Slc24a1"
"ENSMUST00000037831","H1foo"
"ENSMUST00000037850","Snx2"
"ENSMUST00000037875","Rrbp1"
"ENSMUST00000037877","Tcfl5"
"ENSMUST00000037903","Pkp4"
"ENSMUST00000037964","Txlnb"
"ENSMUST00000037996","Prm2"
"ENSMUST00000038004","Krt25"
"ENSMUST00000038007","Smpx"
"ENSMUST00000038027","Gpi1"
"ENSMUST00000038053","Lpp"
"ENSMUST00000038069","Ceacam10"
"ENSMUST00000038073","Catsper2"
"ENSMUST00000038107","Cited2"
"ENSMUST00000038118","Atp2c1"
"ENSMUST00000038128","Tmem109"
"ENSMUST00000038142","Isg20"
"ENSMUST00000038144","Esm1"
"ENSMUST00000038154","Mgarp"
"ENSMUST00000038161","Agmat"
"ENSMUST00000038197","Mrap"
"ENSMUST00000038227","Darc"
"ENSMUST00000038234","Ift122"
"ENSMUST00000038257","Gstt2"
"ENSMUST00000038341","Bub1b"
"ENSMUST00000038343","B4galnt2"
"ENSMUST00000038368","Id1"
"ENSMUST00000038382","Jph1"
"ENSMUST00000038398","Parp12"
"ENSMUST00000038406","Akr1b8"
"ENSMUST00000038431","Pdk2"
"ENSMUST00000038445","Mybph"
"ENSMUST00000038475","Fa2h"
"ENSMUST00000038495","Crp"
"ENSMUST00000038514","Nup54"
"ENSMUST00000038562","Spsb1"
"ENSMUST00000038618","Ltbp4"
"ENSMUST00000038710","Dsc1"
"ENSMUST00000038757","Csdc2"
"ENSMUST00000038760","Lad1"
"ENSMUST00000038765","Inhbb"
"ENSMUST00000038769","S100g"
"ENSMUST00000038775","Ndn"
"ENSMUST00000038844","Ubd"
"ENSMUST00000038868","Spata6"
"ENSMUST00000038876","Emp3"
"ENSMUST00000038896","Lcat"
"ENSMUST00000038928","Hils1"
"ENSMUST00000039013","Abca3"
"ENSMUST00000039026","Apln"
"ENSMUST00000039047","Serpini2"
"ENSMUST00000039088","Tex19.1"
"ENSMUST00000039205","Galm"
"ENSMUST00000039213","Ibtk"
"ENSMUST00000039247","Dsc2"
"ENSMUST00000039286","Atg5"
"ENSMUST00000039309","Sectm1b"
"ENSMUST00000039380","Gjb6"
"ENSMUST00000039408","Pkp2"
"ENSMUST00000039435","Hpn"
"ENSMUST00000039506","Igsf8"
"ENSMUST00000039534","Resp18"
"ENSMUST00000039537","Fam63a"
"ENSMUST00000039605","Fam50b"
"ENSMUST00000039610","Xylb"
"ENSMUST00000039620","Cbr3"
"ENSMUST00000039652","Ins1"
"ENSMUST00000039666","Plekhs1"
"ENSMUST00000039733","Osbpl11"
"ENSMUST00000039818","Aldh4a1"
"ENSMUST00000039862","Zp3r"
"ENSMUST00000039887","Pof1b"
"ENSMUST00000039909","Fxyd1"
"ENSMUST00000039925","Upb1"
"ENSMUST00000039987","Tox"
"ENSMUST00000040023","Iffo2"
"ENSMUST00000040104","Hand2"
"ENSMUST00000040131","Elf1"
"ENSMUST00000040167","Mat2b"
"ENSMUST00000040177","Znrd1as"
"ENSMUST00000040231","Trp63"
"ENSMUST00000040248","Spidr"
"ENSMUST00000040250","Kmo"
"ENSMUST00000040254","Edc4"
"ENSMUST00000040260","Frrs1"
"ENSMUST00000040261","Macrod1"
"ENSMUST00000040344","Gns"
"ENSMUST00000040361","Atp6v0e2"
"ENSMUST00000040374","A930018P22Rik"
"ENSMUST00000040416","Ddx19a"
"ENSMUST00000040418","Chad"
"ENSMUST00000040442","Aox4"
"ENSMUST00000040548","Mag"
"ENSMUST00000040576","Parm1"
"ENSMUST00000040592","Crygs"
"ENSMUST00000040647","Fgf1"
"ENSMUST00000040676","Ankrd54"
"ENSMUST00000040692","Mycbpap"
"ENSMUST00000040711","Nrap"
"ENSMUST00000040715","Mustn1"
"ENSMUST00000040772","Fermt3"
"ENSMUST00000040860","Psma8"
"ENSMUST00000040865","Tmem98"
"ENSMUST00000040912","Anln"
"ENSMUST00000040914","Hist1h1c"
"ENSMUST00000040941","Erv3"
"ENSMUST00000040960","Slc6a20a"
"ENSMUST00000040962","Nudt19"
"ENSMUST00000040987","Akr1d1"
"ENSMUST00000040999","Aox3"
"ENSMUST00000041005","Fxyd2"
"ENSMUST00000041029","Smad6"
"ENSMUST00000041065","Myo1d"
"ENSMUST00000041099","Neurod1"
"ENSMUST00000041142","Muc1"
"ENSMUST00000041197","Abhd4"
"ENSMUST00000041208","Aaas"
"ENSMUST00000041213","Cnppd1"
"ENSMUST00000041226","Muc3"
"ENSMUST00000041301","Pnmt"
"ENSMUST00000041316","Tcl1"
"ENSMUST00000041318","Ndrg4"
"ENSMUST00000041357","Lrg1"
"ENSMUST00000041366","Polr2j"
"ENSMUST00000041388","Serpine1"
"ENSMUST00000041407","Sostdc1"
"ENSMUST00000041416","Vnn1"
"ENSMUST00000041463","Pacrg"
"ENSMUST00000041477","Islr"
"ENSMUST00000041495","Mbnl3"
"ENSMUST00000041500","Srxn1"
"ENSMUST00000041544","Fbln2"
"ENSMUST00000041558","Ep400"
"ENSMUST00000041591","Enpp2"
"ENSMUST00000041618","Taf4a"
"ENSMUST00000041633","Tap1"
"ENSMUST00000041674","Btn1a1"
"ENSMUST00000041703","Dmkn"
"ENSMUST00000041736","Hdac11"
"ENSMUST00000041819","Tulp1"
"ENSMUST00000041901","Cib2"
"ENSMUST00000041913","Fam189b"
"ENSMUST00000041962","Grip1"
"ENSMUST00000041982","H2-DMb2"
"ENSMUST00000041987","Dicer1"
"ENSMUST00000041993","Iapp"
"ENSMUST00000042025","Antxr1"
"ENSMUST00000042042","Slc51a"
"ENSMUST00000042118","Foxq1"
"ENSMUST00000042167","Cpq"
"ENSMUST00000042219","Calm4"
"ENSMUST00000042228","Ifi203"
"ENSMUST00000042290","Itih2"
"ENSMUST00000042296","Qk"
"ENSMUST00000042345","Ctnna1"
"ENSMUST00000042468","1110032A03Rik"
"ENSMUST00000042497","Ndufv1"
"ENSMUST00000042594","Mlc1"
"ENSMUST00000042692","Tcp11"
"ENSMUST00000042699","Aldh8a1"
"ENSMUST00000042747","Npy6r"
"ENSMUST00000042755","Afp"
"ENSMUST00000042812","Slco1b2"
"ENSMUST00000042834","Uqcrfs1"
"ENSMUST00000042844","Nbl1"
"ENSMUST00000042901","Smc4"
"ENSMUST00000042942","Sec23ip"
"ENSMUST00000042943","Car10"
"ENSMUST00000042975","Tmem30b"
"ENSMUST00000042985","Cebpa"
"ENSMUST00000043056","Baat"
"ENSMUST00000043058","Serpina3k"
"ENSMUST00000043094","Itln1"
"ENSMUST00000043111","Edil3"
"ENSMUST00000043126","Ncoa6"
"ENSMUST00000043148","Gng12"
"ENSMUST00000043211","Coq10a"
"ENSMUST00000043214","Rac2"
"ENSMUST00000043311","Hmha1"
"ENSMUST00000043314","Cyp2s1"
"ENSMUST00000043317","Dnajc12"
"ENSMUST00000043379","2310002J15Rik"
"ENSMUST00000043382","4930544G11Rik"
"ENSMUST00000043400","Asprv1"
"ENSMUST00000043409","Zfp503"
"ENSMUST00000043419","Eif5a"
"ENSMUST00000043458","Srd5a2"
"ENSMUST00000043493","BC018507"
"ENSMUST00000043577","Cldn5"
"ENSMUST00000043596","Phka1"
"ENSMUST00000043604","Gna11"
"ENSMUST00000043654","Tubg2"
"ENSMUST00000043696","Serpinf2"
"ENSMUST00000043722","Lgals3bp"
"ENSMUST00000043781","Esrp1"
"ENSMUST00000043797","Capza3"
"ENSMUST00000043803","Scgb3a2"
"ENSMUST00000043848","Ncapd2"
"ENSMUST00000043873","Scgb3a1"
"ENSMUST00000043964","Wfs1"
"ENSMUST00000044051","Timm8b"
"ENSMUST00000044089","Asb17"
"ENSMUST00000044094","Hsd3b5"
"ENSMUST00000044103","Rpl39l"
"ENSMUST00000044111","Rras"
"ENSMUST00000044116","Spg20"
"ENSMUST00000044148","Alg2"
"ENSMUST00000044159","Serpina6"
"ENSMUST00000044228","Cd79b"
"ENSMUST00000044252","Nubp2"
"ENSMUST00000044355","Sepw1"
"ENSMUST00000044384","Aldh1b1"
"ENSMUST00000044426","Guca2b"
"ENSMUST00000044434","Crx"
"ENSMUST00000044478","Hibch"
"ENSMUST00000044507","Inpp5j"
"ENSMUST00000044565","Col16a1"
"ENSMUST00000044584","Lgals2"
"ENSMUST00000044602","Ces1g"
"ENSMUST00000044684","Helq"
"ENSMUST00000044687","Ifi27l2b"
"ENSMUST00000044694","Ttc36"
"ENSMUST00000044767","Neurod6"
"ENSMUST00000044792","Rcan2"
"ENSMUST00000044953","Svs2"
"ENSMUST00000044987","1700054O13Rik"
"ENSMUST00000045008","Cml2"
"ENSMUST00000045028","Crygd"
"ENSMUST00000045035","Apoc1"
"ENSMUST00000045078","Grhpr"
"ENSMUST00000045108","D1Pas1"
"ENSMUST00000045110","Dstyk"
"ENSMUST00000045127","Wfdc5"
"ENSMUST00000045167","Ehbp1"
"ENSMUST00000045186","Rpl3l"
"ENSMUST00000045215","Rfpl4"
"ENSMUST00000045224","Acer2"
"ENSMUST00000045262","Ak5"
"ENSMUST00000045288","Tgfb2"
"ENSMUST00000045372","Bpgm"
"ENSMUST00000045374","Ramp3"
"ENSMUST00000045376","Adk"
"ENSMUST00000045441","Pygb"
"ENSMUST00000045473","Tmcc2"
"ENSMUST00000045602","Ndufb10"
"ENSMUST00000045607","Melk"
"ENSMUST00000045620","Smco4"
"ENSMUST00000045706","Cftr"
"ENSMUST00000045730","Akap12"
"ENSMUST00000045737","Galnt11"
"ENSMUST00000045738","Slc32a1"
"ENSMUST00000045748","Pdk3"
"ENSMUST00000045756","S100a10"
"ENSMUST00000045793","Rnf38"
"ENSMUST00000045802","2810417H13Rik"
"ENSMUST00000045855","Hebp1"
"ENSMUST00000045887","Cisd1"
"ENSMUST00000045896","Pacsin1"
"ENSMUST00000045902","Fmo2"
"ENSMUST00000045905","Fermt2"
"ENSMUST00000045909","Zbed3"
"ENSMUST00000045912","Rptn"
"ENSMUST00000045959","Bpifb5"
"ENSMUST00000046001","Avp"
"ENSMUST00000046049","Fmo1"
"ENSMUST00000046091","Elane"
"ENSMUST00000046110","Astn1"
"ENSMUST00000046122","Lap3"
"ENSMUST00000046156","Sct"
"ENSMUST00000046174","Cldn11"
"ENSMUST00000046221","Pln"
"ENSMUST00000046246","Pdlim7"
"ENSMUST00000046285","C1qa"
"ENSMUST00000046322","Fcrla"
"ENSMUST00000046332","C1qc"
"ENSMUST00000046384","C1qb"
"ENSMUST00000046399","Apmap"
"ENSMUST00000046461","Dok4"
"ENSMUST00000046532","Gjb3"
"ENSMUST00000046549","Apobec2"
"ENSMUST00000046587","Scamp5"
"ENSMUST00000046611","Cuzd1"
"ENSMUST00000046614","Gipc2"
"ENSMUST00000046687","Spon1"
"ENSMUST00000046719","Nfya"
"ENSMUST00000046765","Kcnk1"
"ENSMUST00000046831","Tmem205"
"ENSMUST00000046833","Misp"
"ENSMUST00000046856","Chn2"
"ENSMUST00000046863","Hsd3b7"
"ENSMUST00000046869","Fbxw4"
"ENSMUST00000046892","Cplx1"
"ENSMUST00000046937","Tssk1"
"ENSMUST00000046959","Slc22a2"
"ENSMUST00000047008","Cst10"
"ENSMUST00000047013","Cmtm8"
"ENSMUST00000047091","Btbd10"
"ENSMUST00000047170","Klc3"
"ENSMUST00000047177","Nxt1"
"ENSMUST00000047199","Rdh7"
"ENSMUST00000047203","Rnf126"
"ENSMUST00000047226","Lonp1"
"ENSMUST00000047286","Mat1a"
"ENSMUST00000047311","Mboat1"
"ENSMUST00000047334","Kcnj1"
"ENSMUST00000047348","Spag1"
"ENSMUST00000047356","Atf5"
"ENSMUST00000047383","Kcne2"
"ENSMUST00000047421","Tie1"
"ENSMUST00000047431","AU040320"
"ENSMUST00000047443","Mansc1"
"ENSMUST00000047620","Fam151a"
"ENSMUST00000047627","Gpbp1"
"ENSMUST00000047652","Tspan14"
"ENSMUST00000047689","Fignl1"
"ENSMUST00000047698","Stx3"
"ENSMUST00000047737","Irf8"
"ENSMUST00000047740","Upk2"
"ENSMUST00000047753","Abcb1a"
"ENSMUST00000047761","Cldn10"
"ENSMUST00000047768","Neil3"
"ENSMUST00000047799","Acad11"
"ENSMUST00000047812","Dpp4"
"ENSMUST00000047816","Pla2g6"
"ENSMUST00000047865","Mbp"
"ENSMUST00000047873","Arhgef1"
"ENSMUST00000047889","Atp1b2"
"ENSMUST00000047906","Tiparp"
"ENSMUST00000047929","Acsm1"
"ENSMUST00000047935","Tspyl4"
"ENSMUST00000047951","Fbxo2"
"ENSMUST00000047973","Dhcr24"
"ENSMUST00000048001","Dmgdh"
"ENSMUST00000048012","5330417C22Rik"
"ENSMUST00000048028","Stag3"
"ENSMUST00000048032","Kap"
"ENSMUST00000048050","Tmem45b"
"ENSMUST00000048064","Greb1"
"ENSMUST00000048103","Bpifa2"
"ENSMUST00000048183","Fmod"
"ENSMUST00000048184","Pdcd7"
"ENSMUST00000048187","Ppp1r14a"
"ENSMUST00000048192","Haus1"
"ENSMUST00000048207","Aipl1"
"ENSMUST00000048214","Oosp1"
"ENSMUST00000048246","Fgb"
"ENSMUST00000048289","Egr2"
"ENSMUST00000048418","Ipo8"
"ENSMUST00000048432","Prelp"
"ENSMUST00000048452","Plvap"
"ENSMUST00000048462","Marc1"
"ENSMUST00000048482","2010003K11Rik"
"ENSMUST00000048527","Abhd14b"
"ENSMUST00000048644","Pnliprp1"
"ENSMUST00000048686","Prpmp5"
"ENSMUST00000048770","Sh3bgr"
"ENSMUST00000048801","2210407C18Rik"
"ENSMUST00000048824","Gm5617"
"ENSMUST00000048934","Tbr1"
"ENSMUST00000048945","Klk1b26"
"ENSMUST00000048947","C8a"
"ENSMUST00000048959","Cyp2c54"
"ENSMUST00000048982","Prickle1"
"ENSMUST00000048988","Znfx1"
"ENSMUST00000049004","Anpep"
"ENSMUST00000049022","Ninj1"
"ENSMUST00000049093","Txnip"
"ENSMUST00000049126","Dner"
"ENSMUST00000049130","Bex2"
"ENSMUST00000049152","Snx10"
"ENSMUST00000049169","Sin3a"
"ENSMUST00000049178","Cyp2c37"
"ENSMUST00000049197","Tm6sf2"
"ENSMUST00000049209","Gc"
"ENSMUST00000049230","Kcnab1"
"ENSMUST00000049239","Map4k5"
"ENSMUST00000049242","Lrrc20"
"ENSMUST00000049262","Sirpa"
"ENSMUST00000049281","Fam53c"
"ENSMUST00000049285","Lrrn1"
"ENSMUST00000049289","Ugt1a2"
"ENSMUST00000049308","Itpr3"
"ENSMUST00000049333","Kcne3"
"ENSMUST00000049344","Csgalnact2"
"ENSMUST00000049389","Zdhhc2"
"ENSMUST00000049404","Clasp1"
"ENSMUST00000049420","Tsga8"
"ENSMUST00000049463","Prl3a1"
"ENSMUST00000049469","Exoc1"
"ENSMUST00000049527","Prkar1a"
"ENSMUST00000049644","Dppa3"
"ENSMUST00000049697","Cldn8"
"ENSMUST00000049930","Tcf21"
"ENSMUST00000049941","Scn3b"
"ENSMUST00000049972","Scg2"
"ENSMUST00000049985","Hepacam2"
"ENSMUST00000050000","Stxbp1"
"ENSMUST00000050003","1700001O22Rik"
"ENSMUST00000050027","Nov"
"ENSMUST00000050029","Six1"
"ENSMUST00000050073","Dnajb4"
"ENSMUST00000050300","Adam5"
"ENSMUST00000050366","Ift20"
"ENSMUST00000050373","Tssk6"
"ENSMUST00000050397","Sprr2f"
"ENSMUST00000050471","Pbp2"
"ENSMUST00000050497","C87436"
"ENSMUST00000050551","Cited1"
"ENSMUST00000050658","Spz1"
"ENSMUST00000050732","Kctd14"
"ENSMUST00000050772","Slc22a17"
"ENSMUST00000050850","Trim32"
"ENSMUST00000050864","Prm3"
"ENSMUST00000050901","Apof"
"ENSMUST00000050952","Stbd1"
"ENSMUST00000051017","Defb1"
"ENSMUST00000051103","Krtap19-4"
"ENSMUST00000051122","Zg16"
"ENSMUST00000051209","Peg3"
"ENSMUST00000051226","Pfkm"
"ENSMUST00000051239","Sptssb"
"ENSMUST00000051272","Wfdc12"
"ENSMUST00000051283","4922502D21Rik"
"ENSMUST00000051297","Tnp2"
"ENSMUST00000051309","Olfm3"
"ENSMUST00000051396","Soat1"
"ENSMUST00000051401","Cldn4"
"ENSMUST00000051443","Synpo2"
"ENSMUST00000051521","Lce1h"
"ENSMUST00000051672","Bst2"
"ENSMUST00000051806","Dntt"
"ENSMUST00000051810","Plekha4"
"ENSMUST00000051937","Rasl11b"
"ENSMUST00000051995","Jak3"
"ENSMUST00000052011","Tle4"
"ENSMUST00000052060","Masp2"
"ENSMUST00000052068","Rbp1"
"ENSMUST00000052125","Pard6b"
"ENSMUST00000052130","Gjb1"
"ENSMUST00000052140","Gsg2"
"ENSMUST00000052172","Cxcr4"
"ENSMUST00000052209","Cbfb"
"ENSMUST00000052211","Znrf4"
"ENSMUST00000052224","Psapl1"
"ENSMUST00000052325","Ranbp1"
"ENSMUST00000052347","Mc2r"
"ENSMUST00000052348","Slc22a18"
"ENSMUST00000052355","Nup37"
"ENSMUST00000052380","Insl6"
"ENSMUST00000052462","Pdpk1"
"ENSMUST00000052602","C77080"
"ENSMUST00000052622","1810011O10Rik"
"ENSMUST00000052686","H2afx"
"ENSMUST00000052725","Sc5d"
"ENSMUST00000052761","Idh3g"
"ENSMUST00000052827","Ppp1r17"
"ENSMUST00000052865","Tmem123"
"ENSMUST00000052915","Axin2"
"ENSMUST00000052919","Ormdl3"
"ENSMUST00000052999","Echdc2"
"ENSMUST00000053033","D1Ertd622e"
"ENSMUST00000053149","Krtap13"
"ENSMUST00000053183","Arf3"
"ENSMUST00000053361","Gprc5c"
"ENSMUST00000053364","Aspm"
"ENSMUST00000053410","Zfp574"
"ENSMUST00000053413","Cdk5r1"
"ENSMUST00000053426","Pptc7"
"ENSMUST00000053460","Krtap19-5"
"ENSMUST00000053540","Ngfrap1"
"ENSMUST00000053568","Lingo1"
"ENSMUST00000053611","Cox8c"
"ENSMUST00000053661","Gimap6"
"ENSMUST00000053663","Wdr36"
"ENSMUST00000053683","Ggnbp1"
"ENSMUST00000053716","Clrn3"
"ENSMUST00000053718","Rlbp1"
"ENSMUST00000053748","Epb4.1l2"
"ENSMUST00000053764","Foxo1"
"ENSMUST00000053830","Hmgb4"
"ENSMUST00000053855","Ddit4l"
"ENSMUST00000054030","Acy3"
"ENSMUST00000054083","Ermp1"
"ENSMUST00000054125","Pmel"
"ENSMUST00000054174","Cyp4f14"
"ENSMUST00000054223","2310057N15Rik"
"ENSMUST00000054237","Dclk1"
"ENSMUST00000054426","Lce1l"
"ENSMUST00000054462","Tbc1d8"
"ENSMUST00000054484","Slc4a10"
"ENSMUST00000054532","Krtap1-5"
"ENSMUST00000054534","Trap1a"
"ENSMUST00000054536","Pqlc3"
"ENSMUST00000054599","Sprr1a"
"ENSMUST00000054636","Bag5"
"ENSMUST00000054702","Cts3"
"ENSMUST00000054889","Cldn2"
"ENSMUST00000054927","Rnf112"
"ENSMUST00000054963","Fdft1"
"ENSMUST00000055022","Tpra1"
"ENSMUST00000055083","Hcrt"
"ENSMUST00000055102","Timd2"
"ENSMUST00000055104","Tceal1"
"ENSMUST00000055168","Kcna1"
"ENSMUST00000055211","Lrrc3b"
"ENSMUST00000055241","Zfp106"
"ENSMUST00000055327","Aqp3"
"ENSMUST00000055374","Tssk2"
"ENSMUST00000055502","Krtap3-1"
"ENSMUST00000055576","Pcsk6"
"ENSMUST00000055655","Fasn"
"ENSMUST00000055676","S1pr1"
"ENSMUST00000055688","Phf13"
"ENSMUST00000055738","Tsc22d3"
"ENSMUST00000055808","Ywhag"
"ENSMUST00000055844","Rbpms2"
"ENSMUST00000055921","Npdc1"
"ENSMUST00000056028","Sbk1"
"ENSMUST00000056085","Csl"
"ENSMUST00000056089","Tmem37"
"ENSMUST00000056110","Dlk1"
"ENSMUST00000056177","Pacsin2"
"ENSMUST00000056228","Sptssa"
"ENSMUST00000056362","Krt34"
"ENSMUST00000056416","Rbfox1"
"ENSMUST00000056427","Tubb2a"
"ENSMUST00000056442","Slc6a5"
"ENSMUST00000056460","Hdhd1a"
"ENSMUST00000056495","Dnmt3b"
"ENSMUST00000056589","BC089491"
"ENSMUST00000056882","Olig1"
"ENSMUST00000056972","Cmtr2"
"ENSMUST00000057089","Patz1"
"ENSMUST00000057101","Akap4"
"ENSMUST00000057167","Slc34a1"
"ENSMUST00000057195","Nup62"
"ENSMUST00000057216","Mtch2"
"ENSMUST00000057236","Dnajb7"
"ENSMUST00000057270","Pnlip"
"ENSMUST00000057481","Nup160"
"ENSMUST00000057486","Ankrd46"
"ENSMUST00000057503","Lamp5"
"ENSMUST00000057561","Wwc2"
"ENSMUST00000057625","Arxes1"
"ENSMUST00000057716","Tex40"
"ENSMUST00000057810","Psg23"
"ENSMUST00000057860","Pdha2"
"ENSMUST00000057866","Nrsn1"
"ENSMUST00000057944","Ugt8a"
"ENSMUST00000058011","Mcm2"
"ENSMUST00000058103","Gm5436"
"ENSMUST00000058119","Arxes2"
"ENSMUST00000058125","Bex1"
"ENSMUST00000058142","Sprr3"
"ENSMUST00000058150","Lor"
"ENSMUST00000058210","Eps8"
"ENSMUST00000058237","Ugt1a7c"
"ENSMUST00000058265","C1galt1c1"
"ENSMUST00000058351","Pgm2"
"ENSMUST00000058383","Paip2b"
"ENSMUST00000058488","Tmed3"
"ENSMUST00000058534","Med26"
"ENSMUST00000058643","Fbxo43"
"ENSMUST00000058651","Lao1"
"ENSMUST00000058714","Cd24a"
"ENSMUST00000058845","Basp1"
"ENSMUST00000058865","Pdzk1"
"ENSMUST00000058906","Chchd10"
"ENSMUST00000058981","Lxn"
"ENSMUST00000058987","Krtap4-2"
"ENSMUST00000059056","Slc12a8"
"ENSMUST00000059102","Upp2"
"ENSMUST00000059138","Prr15"
"ENSMUST00000059193","F2r"
"ENSMUST00000059348","Guca1a"
"ENSMUST00000059401","Atg9b"
"ENSMUST00000059472","Mat2a"
"ENSMUST00000059498","Edem3"
"ENSMUST00000059539","Nap1l5"
"ENSMUST00000059642","Psmd8"
"ENSMUST00000059657","Gk2"
"ENSMUST00000059740","2310061I04Rik"
"ENSMUST00000059787","Dsg2"
"ENSMUST00000059826","Kcnb1"
"ENSMUST00000059889","Adig"
"ENSMUST00000059954","Pltp"
"ENSMUST00000059970","Gulo"
"ENSMUST00000060062","Actrt2"
"ENSMUST00000060077","Cpox"
"ENSMUST00000060128","Cldn23"
"ENSMUST00000060187","Olfr78"
"ENSMUST00000060210","Gpm6b"
"ENSMUST00000060303","Tshz1"
"ENSMUST00000060315","Trim34a"
"ENSMUST00000060323","Golph3l"
"ENSMUST00000060419","Gjb4"
"ENSMUST00000060455","Ccndbp1"
"ENSMUST00000060494","Krtap13-1"
"ENSMUST00000060524","Trim10"
"ENSMUST00000060703","Ccer1"
"ENSMUST00000060714","Ubqln2"
"ENSMUST00000060738","S100a1"
"ENSMUST00000060747","Bhlha15"
"ENSMUST00000060782","Apon"
"ENSMUST00000060833","Gpa33"
"ENSMUST00000060839","Cntnap2"
"ENSMUST00000060864","Tesk1"
"ENSMUST00000060917","Aqp9"
"ENSMUST00000060955","Gpcpd1"
"ENSMUST00000060972","Kcna5"
"ENSMUST00000060989","Sorl1"
"ENSMUST00000060992","Rtn4"
"ENSMUST00000061050","Ccdc80"
"ENSMUST00000061071","D3Bwg0562e"
"ENSMUST00000061086","Ptprcap"
"ENSMUST00000061283","Crlf3"
"ENSMUST00000061287","Cep112"
"ENSMUST00000061350","Atp13a3"
"ENSMUST00000061360","Phgr1"
"ENSMUST00000061455","Fam46c"
"ENSMUST00000061628","Pcdh20"
"ENSMUST00000061725","Prss32"
"ENSMUST00000061829","Cd14"
"ENSMUST00000061866","Dnajb8"
"ENSMUST00000062015","Stard13"
"ENSMUST00000062092","Cdca4"
"ENSMUST00000062153","Rilpl1"
"ENSMUST00000062160","Sprr1b"
"ENSMUST00000062264","Nucks1"
"ENSMUST00000062474","Cyp8b1"
"ENSMUST00000062613","Tdrp"
"ENSMUST00000062620","Hamp"
"ENSMUST00000062683","Krtap9-3"
"ENSMUST00000062709","Hoxb13"
"ENSMUST00000062723","Acpp"
"ENSMUST00000062755","Loh12cr1"
"ENSMUST00000062769","Cetn1"
"ENSMUST00000062806","Lect2"
"ENSMUST00000062824","Tmem53"
"ENSMUST00000062855","Mier2"
"ENSMUST00000062883","Fam13c"
"ENSMUST00000062893","Cenpe"
"ENSMUST00000062917","Iqcf3"
"ENSMUST00000062945","Bcl2l15"
"ENSMUST00000063042","Glb1"
"ENSMUST00000063062","Chi3l3"
"ENSMUST00000063091","Fyn"
"ENSMUST00000063112","Defb6"
"ENSMUST00000063117","Gstz1"
"ENSMUST00000063219","Pabpc2"
"ENSMUST00000063278","Agt"
"ENSMUST00000063307","Ppargc1b"
"ENSMUST00000063324","Cox6b2"
"ENSMUST00000063470","Ptprr"
"ENSMUST00000063492","Rspo2"
"ENSMUST00000063517","Spats2"
"ENSMUST00000063661","Atp6v1a"
"ENSMUST00000063770","Acsm3"
"ENSMUST00000063956","Cd177"
"ENSMUST00000064054","Syt1"
"ENSMUST00000064068","Fpr2"
"ENSMUST00000064104","Cdc42se2"
"ENSMUST00000064204","Actn2"
"ENSMUST00000064225","Rgs17"
"ENSMUST00000064231","Mogat2"
"ENSMUST00000064234","Ezr"
"ENSMUST00000064257","Tchh"
"ENSMUST00000064285","Glcci1"
"ENSMUST00000064307","Aatk"
"ENSMUST00000064364","Rnf185"
"ENSMUST00000064481","Ncmap"
"ENSMUST00000064536","Adam17"
"ENSMUST00000064685","Meig1"
"ENSMUST00000064725","Serpinc1"
"ENSMUST00000064783","Mfap4"
"ENSMUST00000064795","Egr1"
"ENSMUST00000064848","Nup107"
"ENSMUST00000064856","Cpn2"
"ENSMUST00000064937","Nrk"
"ENSMUST00000064989","Prkcb"
"ENSMUST00000064993","Ghrl"
"ENSMUST00000065060","Tmcc3"
"ENSMUST00000065080","C2cd2l"
"ENSMUST00000065086","Gas1"
"ENSMUST00000065163","Cib1"
"ENSMUST00000065220","P2ry14"
"ENSMUST00000065248","Cd8b1"
"ENSMUST00000065353","Yap1"
"ENSMUST00000065433","Ikzf1"
"ENSMUST00000065487","Prx"
"ENSMUST00000065668","Nrgn"
"ENSMUST00000065758","Atp6v1e2"
"ENSMUST00000065797","Chst1"
"ENSMUST00000066003","Sp3"
"ENSMUST00000066060","Bcl11b"
"ENSMUST00000066068","Smagp"
"ENSMUST00000066175","Abcg5"
"ENSMUST00000066193","Gykl1"
"ENSMUST00000066237","Ddc"
"ENSMUST00000066264","Ech1"
"ENSMUST00000066295","Kcnk3"
"ENSMUST00000066337","Alas2"
"ENSMUST00000066374","Mpp4"
"ENSMUST00000066401","Ctsd"
"ENSMUST00000066514","Nudt7"
"ENSMUST00000066529","Npr3"
"ENSMUST00000066540","Sds"
"ENSMUST00000066587","Acox1"
"ENSMUST00000066674","Car8"
"ENSMUST00000066708","Dmp1"
"ENSMUST00000066747","Cd8a"
"ENSMUST00000066873","Pkp3"
"ENSMUST00000066882","Pfn2"
"ENSMUST00000066889","Gpsm1"
"ENSMUST00000066890","Kcnn2"
"ENSMUST00000066928","Phactr1"
"ENSMUST00000067060","Klf1"
"ENSMUST00000067086","Esr1"
"ENSMUST00000067124","Lpin1"
"ENSMUST00000067145","Fam220a"
"ENSMUST00000067150","Fgfr3"
"ENSMUST00000067205","Kif21a"
"ENSMUST00000067215","Arfgap3"
"ENSMUST00000067230","Sox4"
"ENSMUST00000067240","Lck"
"ENSMUST00000067444","Gfap"
"ENSMUST00000067491","Cadps"
"ENSMUST00000067492","Fabp1"
"ENSMUST00000067506","Gimap4"
"ENSMUST00000067582","Tmem62"
"ENSMUST00000067700","Ccser2"
"ENSMUST00000067752","Mettl7a1"
"ENSMUST00000067757","Pld1"
"ENSMUST00000067801","Cbs"
"ENSMUST00000067912","Klf2"
"ENSMUST00000067927","Msra"
"ENSMUST00000068023","Cadm4"
"ENSMUST00000068031","Top2a"
"ENSMUST00000068182","Stfa3"
"ENSMUST00000068261","Atp6v1g2"
"ENSMUST00000068271","Ak1"
"ENSMUST00000068282","Atl2"
"ENSMUST00000068291","H2-Q10"
"ENSMUST00000068317","Cyp3a25"
"ENSMUST00000068333","Farsb"
"ENSMUST00000068388","Terf2"
"ENSMUST00000068545","5033411D12Rik"
"ENSMUST00000068581","Gja1"
"ENSMUST00000068686","Calcoco2"
"ENSMUST00000068700","Wdr6"
"ENSMUST00000068958","Cdc42ep3"
"ENSMUST00000069011","Ang"
"ENSMUST00000069142","Akr1cl"
"ENSMUST00000069271","Dmrtb1"
"ENSMUST00000069330","Acp5"
"ENSMUST00000069334","Dach1"
"ENSMUST00000069345","Itgb5"
"ENSMUST00000069360","Gpc3"
"ENSMUST00000069430","Ctage5"
"ENSMUST00000069443","Slain1"
"ENSMUST00000069449","Rras2"
"ENSMUST00000069451","Ghr"
"ENSMUST00000069511","Abcd2"
"ENSMUST00000069530","Xrcc6"
"ENSMUST00000069562","Tescl"
"ENSMUST00000069609","Pou2f1"
"ENSMUST00000069620","Per2"
"ENSMUST00000069648","Kat6b"
"ENSMUST00000069731","Fmr1nb"
"ENSMUST00000069789","Lep"
"ENSMUST00000069800","Fut2"
"ENSMUST00000069922","Mia3"
"ENSMUST00000069927","S100a8"
"ENSMUST00000069958","Gcnt2"
"ENSMUST00000069960","S100a9"
"ENSMUST00000070198","Ppp3ca"
"ENSMUST00000070210","Atad1"
"ENSMUST00000070323","Synpr"
"ENSMUST00000070326","Ttk"
"ENSMUST00000070368","Siah2"
"ENSMUST00000070375","Penk"
"ENSMUST00000070380","Prss2"
"ENSMUST00000070617","Scn11a"
"ENSMUST00000070642","Cebpb"
"ENSMUST00000070659","1700001K19Rik"
"ENSMUST00000070709","Rell2"
"ENSMUST00000070725","Gabrg2"
"ENSMUST00000070726","Slc39a6"
"ENSMUST00000070758","Mpz"
"ENSMUST00000070832","1100001G20Rik"
"ENSMUST00000070918","Cmbl"
"ENSMUST00000070990","Elmod3"
"ENSMUST00000071044","Capg"
"ENSMUST00000071096","Hemgn"
"ENSMUST00000071130","Alox5ap"
"ENSMUST00000071135","Tubb4a"
"ENSMUST00000071168","Tek"
"ENSMUST00000071250","Pygl"
"ENSMUST00000071402","Elovl6"
"ENSMUST00000071526","Ctsj"
"ENSMUST00000071798","Tnnt1"
"ENSMUST00000071812","Iqgap3"
"ENSMUST00000071816","Camk2g"
"ENSMUST00000071858","Hpcal1"
"ENSMUST00000071889","Car12"
"ENSMUST00000071973","Ero1lb"
"ENSMUST00000071977","Mfap2"
"ENSMUST00000071986","Mia"
"ENSMUST00000072020","Tle6"
"ENSMUST00000072111","St6galnac6"
"ENSMUST00000072119","Ccnb1"
"ENSMUST00000072204","Klk1b8"
"ENSMUST00000072280","Krtap8-1"
"ENSMUST00000072299","Vsnl1"
"ENSMUST00000072403","Ugt3a2"
"ENSMUST00000072406","Prepl"
"ENSMUST00000072453","Lhb"
"ENSMUST00000072539","Csn1s2b"
"ENSMUST00000072578","Ube2d2b"
"ENSMUST00000072602","Hvcn1"
"ENSMUST00000072633","Tmigd1"
"ENSMUST00000072729","Ms4a4c"
"ENSMUST00000072748","Ms4a10"
"ENSMUST00000072755","Col18a1"
"ENSMUST00000072776","Cyp2d10"
"ENSMUST00000072818","Ugt2b38"
"ENSMUST00000072841","Eno3"
"ENSMUST00000072889","Lrrc16a"
"ENSMUST00000072954","Lancl2"
"ENSMUST00000073001","Lgals9"
"ENSMUST00000073043","Cxcl12"
"ENSMUST00000073049","Ugt1a1"
"ENSMUST00000073179","4933415F23Rik"
"ENSMUST00000073339","Pgrmc1"
"ENSMUST00000073350","Ctse"
"ENSMUST00000073428","Slc39a4"
"ENSMUST00000073490","Lct"
"ENSMUST00000073713","Klk1b24"
"ENSMUST00000073772","Ugt1a9"
"ENSMUST00000073787","Akr7a5"
"ENSMUST00000073878","Dhcr7"
"ENSMUST00000073890","Krt33b"
"ENSMUST00000073892","Fxyd7"
"ENSMUST00000073973","Ace2"
"ENSMUST00000074082","Alas1"
"ENSMUST00000074113","Prom1"
"ENSMUST00000074127","Aldh3a2"
"ENSMUST00000074142","Lce1a1"
"ENSMUST00000074157","Myo5b"
"ENSMUST00000074204","Slc6a15"
"ENSMUST00000074208","Ndufaf3"
"ENSMUST00000074225","Cpne6"
"ENSMUST00000074241","Thnsl2"
"ENSMUST00000074262","Calcrl"
"ENSMUST00000074352","Osbpl1a"
"ENSMUST00000074359","Klk1b5"
"ENSMUST00000074372","Irx2"
"ENSMUST00000074523","Stmn4"
"ENSMUST00000074557","H2-Eb1"
"ENSMUST00000074613","Acyp2"
"ENSMUST00000074637","Krtap6-5"
"ENSMUST00000074671","Hamp2"
"ENSMUST00000074694","Gnai1"
"ENSMUST00000074758","Gapdhs"
"ENSMUST00000074805","Glipr1"
"ENSMUST00000074846","Hsph1"
"ENSMUST00000074849","Tacc3"
"ENSMUST00000074861","Plac1"
"ENSMUST00000075040","Dusp13"
"ENSMUST00000075068","Pepd"
"ENSMUST00000075069","Ntm"
"ENSMUST00000075220","Cdyl"
"ENSMUST00000075284","Krtap19-3"
"ENSMUST00000075312","Ttr"
"ENSMUST00000075351","Pip"
"ENSMUST00000075388","Gm10147"
"ENSMUST00000075410","Btbd3"
"ENSMUST00000075422","Mab21l1"
"ENSMUST00000075550","Cenph"
"ENSMUST00000075552","Cyp2a12"
"ENSMUST00000075571","Sult2b1"
"ENSMUST00000075603","Glra1"
"ENSMUST00000075648","Ear5"
"ENSMUST00000075748","Ddx4"
"ENSMUST00000075829","Mrpl42"
"ENSMUST00000075884","Msln"
"ENSMUST00000075896","Tsnax"
"ENSMUST00000075973","Mup4"
"ENSMUST00000075982","Saa2"
"ENSMUST00000075994","Pdzrn3"
"ENSMUST00000076069","Crybb3"
"ENSMUST00000076084","Ppp1r14d"
"ENSMUST00000076110","Rnf2"
"ENSMUST00000076186","Krtap19-2"
"ENSMUST00000076275","Nr6a1"
"ENSMUST00000076354","Tspan7"
"ENSMUST00000076379","Csn1s2a"
"ENSMUST00000076463","Gpr155"
"ENSMUST00000076521","Irf6"
"ENSMUST00000076648","Fcgbp"
"ENSMUST00000076657","Ndufa3"
"ENSMUST00000076715","Nfix"
"ENSMUST00000076813","Iah1"
"ENSMUST00000076831","Cdc42ep5"
"ENSMUST00000077115","Ptpro"
"ENSMUST00000077119","Gjc3"
"ENSMUST00000077136","Sftpd"
"ENSMUST00000077191","Ethe1"
"ENSMUST00000077273","Ext1"
"ENSMUST00000077354","Klk1b4"
"ENSMUST00000077489","Scn1a"
"ENSMUST00000077667","Obp2a"
"ENSMUST00000077672","Col4a3bp"
"ENSMUST00000077698","Calml3"
"ENSMUST00000077715","Krtap19-9b"
"ENSMUST00000077855","Cyp2b19"
"ENSMUST00000077918","Cfi"
"ENSMUST00000077935","Trps1"
"ENSMUST00000077954","Sgcg"
"ENSMUST00000078001","Tex101"
"ENSMUST00000078019","Dab2"
"ENSMUST00000078050","Rnf114"
"ENSMUST00000078124","Cfl2"
"ENSMUST00000078214","Skap2"
"ENSMUST00000078352","Dnm1"
"ENSMUST00000078357","Emp2"
"ENSMUST00000078422","Krtap21-1"
"ENSMUST00000078438","Trim31"
"ENSMUST00000078470","Kcnh1"
"ENSMUST00000078494","Rag1"
"ENSMUST00000078496","Cacna1h"
"ENSMUST00000078528","C1qbp"
"ENSMUST00000078617","Aldoart1"
"ENSMUST00000078623","Cryba1"
"ENSMUST00000078694","Ppp1r1b"
"ENSMUST00000078835","Klk1b1"
"ENSMUST00000078856","Kl"
"ENSMUST00000078885","Vmn1r13"
"ENSMUST00000078977","Abi1"
"ENSMUST00000079081","Aqp4"
"ENSMUST00000079125","Scand1"
"ENSMUST00000079132","Chia"
"ENSMUST00000079151","Krtap6-3"
"ENSMUST00000079176","Plekhb1"
"ENSMUST00000079287","Nme5"
"ENSMUST00000079391","Cald1"
"ENSMUST00000079413","Fkbp5"
"ENSMUST00000079424","Ggta1"
"ENSMUST00000079464","Tuba4a"
"ENSMUST00000079472","Aadat"
"ENSMUST00000079490","Nap1l3"
"ENSMUST00000079510","Cherp"
"ENSMUST00000079624","Ankrd61"
"ENSMUST00000079634","Exosc5"
"ENSMUST00000079691","Gss"
"ENSMUST00000079703","Nsmce2"
"ENSMUST00000079772","Tnfrsf11b"
"ENSMUST00000079780","B3gnt5"
"ENSMUST00000079784","Myl3"
"ENSMUST00000079797","Gm10058"
"ENSMUST00000079811","Ugt2a1/Ugt2a2"
"ENSMUST00000079859","Klk1b27"
"ENSMUST00000079866","Srsf1"
"ENSMUST00000079902","Lgals12"
"ENSMUST00000079926","Reg1"
"ENSMUST00000079957","Fcer1g"
"ENSMUST00000079961","Nup93"
"ENSMUST00000079978","Unc13b"
"ENSMUST00000079996","Zfand2a"
"ENSMUST00000080058","Egln2"
"ENSMUST00000080067","Slc4a2"
"ENSMUST00000080123","Aldoart2"
"ENSMUST00000080126","Rnase1"
"ENSMUST00000080208","Epb4.1l3"
"ENSMUST00000080211","Klk11"
"ENSMUST00000080233","Tsks"
"ENSMUST00000080361","Akr1c20"
"ENSMUST00000080371","Mtss1"
"ENSMUST00000080415","Cabyr"
"ENSMUST00000080449","Hspa2"
"ENSMUST00000080493","Gnas"
"ENSMUST00000080635","Scgb1b2"
"ENSMUST00000080654","Cdhr5"
"ENSMUST00000080718","Lypd3"
"ENSMUST00000080766","Tpbpb"
"ENSMUST00000080853","Pecam1"
"ENSMUST00000080882","Atp1a3"
"ENSMUST00000080893","Krt17"
"ENSMUST00000080953","Lrp2"
"ENSMUST00000081017","Defb4"
"ENSMUST00000081035","Mpeg1"
"ENSMUST00000081111","Impdh2"
"ENSMUST00000081165","Apbb1"
"ENSMUST00000081265","Ebf1"
"ENSMUST00000081314","Blm"
"ENSMUST00000081334","Krtap19-1"
"ENSMUST00000081438","Adrb3"
"ENSMUST00000081457","Lgals7"
"ENSMUST00000081542","Kcnd2"
"ENSMUST00000081721","Ezh2"
"ENSMUST00000081728","Ctnnd2"
"ENSMUST00000081857","Myh6"
"ENSMUST00000081893","Syn1"
"ENSMUST00000081924","Ifitm6"
"ENSMUST00000081964","Hopx"
"ENSMUST00000081966","Odf1"
"ENSMUST00000082059","Erbb3"
"ENSMUST00000082060","Chi3l1"
"ENSMUST00000082093","Gzmd"
"ENSMUST00000082136","Max"
"ENSMUST00000082235","Mep1b"
"ENSMUST00000082287","Mup5"
"ENSMUST00000082303","Col15a1"
"ENSMUST00000082365","Sult4a1"
"ENSMUST00000082370","Csn2"
"ENSMUST00000082418","mt-Nd5"
"ENSMUST00000082424","Sepp1"
"ENSMUST00000082426","Dio1"
"ENSMUST00000082429","Gpx1"
"ENSMUST00000082432","Dio2"
"ENSMUST00000084038","Ank1"
"ENSMUST00000084086","Cd209b"
"ENSMUST00000084343","Cyp4a12a"
"ENSMUST00000084436","Cend1"
"ENSMUST00000084500","Oat"
"ENSMUST00000084531","Mup3"
"ENSMUST00000084647","Acsm2"
"ENSMUST00000084770","Fut9"
"ENSMUST00000084787","Scn10a"
"ENSMUST00000084882","Crip2"
"ENSMUST00000084894","Pde2a"
"ENSMUST00000085043","Tcl1b1"
"ENSMUST00000085044","Usp19"
"ENSMUST00000085077","Arnt2"
"ENSMUST00000085116","Ptpn21"
"ENSMUST00000085351","Hrc"
"ENSMUST00000085412","Coch"
"ENSMUST00000085450","Klk1b3"
"ENSMUST00000085455","Klk1b21"
"ENSMUST00000085461","Klk8"
"ENSMUST00000085679","Arpc1b"
"ENSMUST00000086029","Caln1"
"ENSMUST00000086040","F5"
"ENSMUST00000086046","Gbas"
"ENSMUST00000086056","Piwil1"
"ENSMUST00000086058","Bscl2"
"ENSMUST00000086075","Scarb1"
"ENSMUST00000086199","Glul"
"ENSMUST00000086267","Fam129a"
"ENSMUST00000086399","Icam1"
"ENSMUST00000086430","Col5a2"
"ENSMUST00000086458","Fbxl12"
"ENSMUST00000086599","Dao"
"ENSMUST00000086629","Cryba4"
"ENSMUST00000086690","Serpinb7"
"ENSMUST00000086701","Serpinb5"
"ENSMUST00000086723","Man2a1"
"ENSMUST00000086831","Pkd2"
"ENSMUST00000086844","Tcf7"
"ENSMUST00000086854","Mapk10"
"ENSMUST00000087012","Slc22a7"
"ENSMUST00000087213","Cnga1"
"ENSMUST00000087216","Nfxl1"
"ENSMUST00000087253","Tro"
"ENSMUST00000087315","Vars"
"ENSMUST00000087316","Capn6"
"ENSMUST00000087321","Ppp1r3c"
"ENSMUST00000087374","Adam23"
"ENSMUST00000087395","Kcnip4"
"ENSMUST00000087399","Tnxb"
"ENSMUST00000087497","Col11a2"
"ENSMUST00000087511","Tmem128"
"ENSMUST00000087514","Lyar"
"ENSMUST00000087585","Boll"
"ENSMUST00000087600","Gda"
"ENSMUST00000087614","Aebp2"
"ENSMUST00000087629","Htra3"
"ENSMUST00000087729","Gsg1"
"ENSMUST00000088010","Gtf3c2"
"ENSMUST00000088049","Krt86"
"ENSMUST00000088086","Sulf2"
"ENSMUST00000088200","Aqp5"
"ENSMUST00000088201","Obp1a"
"ENSMUST00000088246","Tuba3a"
"ENSMUST00000088248","Ube2c"
"ENSMUST00000088386","Slc15a1"
"ENSMUST00000088494","Blcap"
"ENSMUST00000088652","Htatsf1"
"ENSMUST00000088790","Ret"
"ENSMUST00000089003","Atp2b2"
"ENSMUST00000089024","Tcp1"
"ENSMUST00000089062","Rhox9"
"ENSMUST00000089105","Gm10228"
"ENSMUST00000089111","2310034C09Rik"
"ENSMUST00000089129","Cyp2d9"
"ENSMUST00000089165","Gm5168"
"ENSMUST00000089208","Cntn4"
"ENSMUST00000089287","Uba3"
"ENSMUST00000089378","Pdxp"
"ENSMUST00000089449","Mgll"
"ENSMUST00000089461","Cds2"
"ENSMUST00000089667","Reg3d"
"ENSMUST00000089681","Eef1d"
"ENSMUST00000089765","Chrac1"
"ENSMUST00000089950","Rabggtb"
"ENSMUST00000090006","Itgb1"
"ENSMUST00000090025","Aard"
"ENSMUST00000090134","Pdlim5"
"ENSMUST00000090150","Ncald"
"ENSMUST00000090171","Adh7"
"ENSMUST00000090337","Asb14"
"ENSMUST00000090339","Rai14"
"ENSMUST00000090391","Pax6"
"ENSMUST00000090443","Camk2b"
"ENSMUST00000090461","Fyb"
"ENSMUST00000090469","Myoz1"
"ENSMUST00000090473","Gpr88"
"ENSMUST00000090568","Ptprz1"
"ENSMUST00000090679","Tac1"
"ENSMUST00000090680","Ddx20"
"ENSMUST00000090726","Slc43a3"
"ENSMUST00000090746","Hmgcs2"
"ENSMUST00000090750","Pde4dip"
"ENSMUST00000090815","Gm128"
"ENSMUST00000090856","Hrnr"
"ENSMUST00000090866","Lce1i"
"ENSMUST00000090945","Syt11"
"ENSMUST00000091064","Rraga"
"ENSMUST00000091246","Flcn"
"ENSMUST00000091288","Prnp"
"ENSMUST00000091377","1700029F12Rik"
"ENSMUST00000091436","Cubn"
"ENSMUST00000091458","Nr2f1"
"ENSMUST00000091678","Prl2b1"
"ENSMUST00000092058","BC089597"
"ENSMUST00000092155","Col11a1"
"ENSMUST00000092167","Ptprb"
"ENSMUST00000092433","Ank3"
"ENSMUST00000092473","Vps26a"
"ENSMUST00000092498","Sgpl1"
"ENSMUST00000092700","Krtap3-3"
"ENSMUST00000092788","Tmem100"
"ENSMUST00000092888","Fbp1"
"ENSMUST00000093165","Cyfip2"
"ENSMUST00000093191","Spdl1"
"ENSMUST00000093268","Cngb1"
"ENSMUST00000093321","Grb10"
"ENSMUST00000093346","H2afv"
"ENSMUST00000093369","Nefh"
"ENSMUST00000093458","Sugp2"
"ENSMUST00000093480","Spock3"
"ENSMUST00000093800","Pls1"
"ENSMUST00000093812","Cd109"
"ENSMUST00000093911","Myo15b"
"ENSMUST00000093923","Cdc27"
"ENSMUST00000094154","Serpinh1"
"ENSMUST00000094245","Cldn3"
"ENSMUST00000094331","Ndnl2"
"ENSMUST00000094365","Car1"
"ENSMUST00000094469","Selm"
"ENSMUST00000094641","Csn1s1"
"ENSMUST00000094653","Gtsf1l"
"ENSMUST00000094787","Slc34a2"
"ENSMUST00000094799","Ceacam11"
"ENSMUST00000094934","Gad1"
"ENSMUST00000095079","Actl7a"
"ENSMUST00000095080","Actl7b"
"ENSMUST00000095172","Cmip"
"ENSMUST00000095410","Wdr20a"
"ENSMUST00000095440","Akap3"
"ENSMUST00000095541","Susd2"
"ENSMUST00000095572","Slc10a1"
"ENSMUST00000095762","Trdn"
"ENSMUST00000095784","Moxd1"
"ENSMUST00000095786","Pole4"
"ENSMUST00000095852","Grid2"
"ENSMUST00000096003","Prss3"
"ENSMUST00000096012","Abi3bp"
"ENSMUST00000096057","Tagln3"
"ENSMUST00000096066","Cpa2"
"ENSMUST00000096084","Ccdc136"
"ENSMUST00000096096","Cep55"
"ENSMUST00000096119","Asah2"
"ENSMUST00000096242","Rom1"
"ENSMUST00000096255","Ubxn1"
"ENSMUST00000096368","Gspt2"
"ENSMUST00000096469","Gm5169"
"ENSMUST00000096744","Myadm"
"ENSMUST00000096904","Reg3b"
"ENSMUST00000096913","Slx"
"ENSMUST00000096987","Sept5"
"ENSMUST00000097274","Prkce"
"ENSMUST00000097653","Col6a3"
"ENSMUST00000097659","Ugt1a5"
"ENSMUST00000097709","Idh1"
"ENSMUST00000098242","Ggh"
"ENSMUST00000098281","Omp"
"ENSMUST00000098331","Cpeb1"
"ENSMUST00000098350","Scap"
"ENSMUST00000098559","Krtdap"
"ENSMUST00000098859","Tnni3"
"ENSMUST00000098888","Smcp"
"ENSMUST00000098910","S100a16"
"ENSMUST00000099087","Mbnl1"
"ENSMUST00000099106","Mgst2"
"ENSMUST00000099123","1700034I23Rik"
"ENSMUST00000099126","Mafb"
"ENSMUST00000099151","Sox2"
"ENSMUST00000099172","Kif5a"
"ENSMUST00000099207","Zcchc3"
"ENSMUST00000099269","Cd93"
"ENSMUST00000099270","Thbd"
"ENSMUST00000099400","Papolb"
"ENSMUST00000099466","Sorbs1"
"ENSMUST00000099506","Gprin1"
"ENSMUST00000099547","C78339"
"ENSMUST00000099554","Mis18a"
"ENSMUST00000099558","Tjp2"
"ENSMUST00000099626","Fibin"
"ENSMUST00000099747","B3galnt2"
"ENSMUST00000099858","Prep"
"ENSMUST00000099996","Ttc30b"
"ENSMUST00000100024","Fgf12"
"ENSMUST00000100052","Igf2bp2"
"ENSMUST00000100290","Egfl7"
"ENSMUST00000100301","Prkcg"
"ENSMUST00000100347","Mapt"
"ENSMUST00000100551","Sgca"
"ENSMUST00000100572","Sla"
"ENSMUST00000100785","Oas1e"
"ENSMUST00000100874","Selplg"
"ENSMUST00000101055","Ccnk"
"ENSMUST00000101078","Serpina3m"
"ENSMUST00000101191","Klhl5"
"ENSMUST00000101208","Sod3"
"ENSMUST00000101272","Reg3a"
"ENSMUST00000101282","Cylc1"
"ENSMUST00000101343","Mad2l1"
"ENSMUST00000101351","Atoh1"
"ENSMUST00000101534","Ptn"
"ENSMUST00000101638","Limk2"
"ENSMUST00000101645","Gm14819"
"ENSMUST00000101647","Gm10486"
"ENSMUST00000101654","Gm14632"
"ENSMUST00000101657","Gm10488"
"ENSMUST00000101667","Gm5935"
"ENSMUST00000101800","Msrb1"
"ENSMUST00000101801","Vimp"
"ENSMUST00000102476","B2m"
"ENSMUST00000102481","Cela2a"
"ENSMUST00000102486","Hspb7"
"ENSMUST00000102490","Epb4.2"
"ENSMUST00000102518","Ece1"
"ENSMUST00000102522","Cela3b"
"ENSMUST00000102533","Tcea3"
"ENSMUST00000102540","Gale"
"ENSMUST00000102581","Kctd10"
"ENSMUST00000102604","Ak2"
"ENSMUST00000102635","Myocd"
"ENSMUST00000102640","Oxct2a"
"ENSMUST00000102654","Pde1a"
"ENSMUST00000102665","Mog"
"ENSMUST00000102677","Chn1"
"ENSMUST00000102691","Cdca7"
"ENSMUST00000102707","Cyp4b1"
"ENSMUST00000102709","Abcb11"
"ENSMUST00000102715","Stk39"
"ENSMUST00000102722","Elavl4"
"ENSMUST00000102733","Gcg"
"ENSMUST00000102758","Vdac1"
"ENSMUST00000102803","Myh7"
"ENSMUST00000102817","Gap43"
"ENSMUST00000102880","Ppp3r1"
"ENSMUST00000102897","Txndc8"
"ENSMUST00000102900","Abo"
"ENSMUST00000102910","Wap"
"ENSMUST00000102918","Clic3"
"ENSMUST00000102921","Myl7"
"ENSMUST00000102923","Aebp1"
"ENSMUST00000102929","Tdrd7"
"ENSMUST00000102936","Gne"
"ENSMUST00000103004","Asph"
"ENSMUST00000103024","BC100451"
"ENSMUST00000103042","Tcea2"
"ENSMUST00000103045","Stmn3"
"ENSMUST00000103071","Gh"
"ENSMUST00000103075","Nsf"
"ENSMUST00000103098","Nbr1"
"ENSMUST00000103105","Aoc3"
"ENSMUST00000103120","Cnp"
"ENSMUST00000103127","Krt35"
"ENSMUST00000103129","Dsn1"
"ENSMUST00000103131","Krt10"
"ENSMUST00000103177","Lpo"
"ENSMUST00000103194","Car4"
"ENSMUST00000103212","Ube4b"
"ENSMUST00000103230","Nppa"
"ENSMUST00000103231","Nppb"
"ENSMUST00000103266","Trbv5"
"ENSMUST00000103416","Ighg2c"
"ENSMUST00000103418","Ighg2b"
"ENSMUST00000103740","Trac"
"ENSMUST00000103746","Iglv1"
"ENSMUST00000104999","Nrarp"
"ENSMUST00000105001","H2afb1"
"ENSMUST00000105158","Mos"
"ENSMUST00000105283","Kitl"
"ENSMUST00000105354","Reep6"
"ENSMUST00000105369","Dos"
"ENSMUST00000105511","Col10a1"
"ENSMUST00000105525","Ahi1"
"ENSMUST00000105897","Arid1a"
"ENSMUST00000105998","Tinagl1"
"ENSMUST00000106332","Sez6l2"
"ENSMUST00000106372","Sult1a1"
"ENSMUST00000106981","Folr1"
"ENSMUST00000107234","Eed"
"ENSMUST00000107282","Ramp2"
"ENSMUST00000107384","Idh2"
"ENSMUST00000107394","Mesp2"
"ENSMUST00000107416","Krt36"
"ENSMUST00000107437","Krtap4-16"
"ENSMUST00000107456","Fam174b"
"ENSMUST00000107651","Slc44a1"
"ENSMUST00000107675","Fbxw7"
"ENSMUST00000107691","Trim2"
"ENSMUST00000107773","Tmod1"
"ENSMUST00000107802","Trim59"
"ENSMUST00000107853","Mbtd1"
"ENSMUST00000108086","Hspa4l"
"ENSMUST00000108182","Dcun1d1"
"ENSMUST00000108190","Wdr62"
"ENSMUST00000108298","Ect2"
"ENSMUST00000108435","Tlcd2"
"ENSMUST00000108496","Slc1a5"
"ENSMUST00000109241","Snx18"
"ENSMUST00000109367","Slpi"
"ENSMUST00000109381","Brd1"
"ENSMUST00000109468","Top1"
"ENSMUST00000109488","Snhg11"
"ENSMUST00000109515","Cyp2d34"
"ENSMUST00000109526","Nnat"
"ENSMUST00000109645","Vstm2a"
"ENSMUST00000110061","Macrod2"
"ENSMUST00000110273","Serpinb6c"
"ENSMUST00000110408","Ropn1l"
"ENSMUST00000110532","Shf"
"ENSMUST00000110551","Sord"
"ENSMUST00000110621","Lrr1"
"ENSMUST00000110690","Oxct1"
"ENSMUST00000111016","Muc15"
"ENSMUST00000111064","Ntsr2"
"ENSMUST00000111091","Znhit1"
"ENSMUST00000111139","Lmo2"
"ENSMUST00000111171","Pom121"
"ENSMUST00000111214","Ifi204"
"ENSMUST00000111230","Tagln2"
"ENSMUST00000111332","Pcp4l1"
"ENSMUST00000111430","Mybpc3"
"ENSMUST00000111432","Creg1"
"ENSMUST00000111466","C1qtnf4"
"ENSMUST00000111587","Diablo"
"ENSMUST00000111639","Arntl2"
"ENSMUST00000111784","Ssfa2"
"ENSMUST00000111827","Slco1a6"
"ENSMUST00000111920","Plekha3"
"ENSMUST00000112022","Camp"
"ENSMUST00000112064","Cacna1s"
"ENSMUST00000112132","Pzp"
"ENSMUST00000112254","Vwf"
"ENSMUST00000112349","Mta3"
"ENSMUST00000112412","Acrbp"
"ENSMUST00000112488","Daf2"
"ENSMUST00000112533","Ly75"
"ENSMUST00000112571","Dpy30"
"ENSMUST00000112642","Evi5"
"ENSMUST00000112930","Col4a5"
"ENSMUST00000112933","Cntf"
"ENSMUST00000113028","1190002N15Rik"
"ENSMUST00000113126","Mapkap1"
"ENSMUST00000113127","G3bp2"
"ENSMUST00000113137","Ugt1a6b"
"ENSMUST00000113139","Ugt1a8"
"ENSMUST00000113142","Ugt1a10"
"ENSMUST00000113146","Mtmr14"
"ENSMUST00000113218","Slc4a4"
"ENSMUST00000113314","Sult1d1"
"ENSMUST00000113451","Slc22a12"
"ENSMUST00000113658","Gfpt1"
"ENSMUST00000113696","Tpm1"
"ENSMUST00000113769","Arr3"
"ENSMUST00000113795","Igsf5"
"ENSMUST00000113952","Wdr5"
"ENSMUST00000114189","Dnase1l1"
"ENSMUST00000114230","Psmb9"
"ENSMUST00000114268","Snca"
"ENSMUST00000114276","Rcn2"
"ENSMUST00000114311","H2-K1"
"ENSMUST00000114336","Tprn"
"ENSMUST00000114379","Renbp"
"ENSMUST00000114431","Btg4"
"ENSMUST00000114455","Pglyrp2"
"ENSMUST00000114482","Il1rn"
"ENSMUST00000114547","Cadm1"
"ENSMUST00000114594","Arhgap21"
"ENSMUST00000114699","Pi16"
"ENSMUST00000114700","Agbl5"
"ENSMUST00000114732","Ephb6"
"ENSMUST00000114763","Fstl1"
"ENSMUST00000114934","Celf2"
"ENSMUST00000115108","Gng13"
"ENSMUST00000115318","Synpo"
"ENSMUST00000115351","Rab3d"
"ENSMUST00000115366","Slc12a2"
"ENSMUST00000115421","Steap4"
"ENSMUST00000115554","Dync1i1"
"ENSMUST00000115808","Ammecr1l"
"ENSMUST00000115832","Dtna"
"ENSMUST00000115964","Tmlhe"
"ENSMUST00000116456","Cyth3"
"ENSMUST00000116473","Klkb1"
"ENSMUST00000116514","Wbp11"
"ENSMUST00000117193","Oas1c"
"ENSMUST00000117396","Ncapg"
"ENSMUST00000117399","Msn"
"ENSMUST00000117422","Creb3l3"
"ENSMUST00000117489","1700052N19Rik"
"ENSMUST00000117648","Ttc3"
"ENSMUST00000118015","Gyg"
"ENSMUST00000118367","Psg16"
"ENSMUST00000118537","Gm2003"
"ENSMUST00000118539","Cth"
"ENSMUST00000118566","Tpm3"
"ENSMUST00000118578","Otx2"
"ENSMUST00000119180","Sycn"
"ENSMUST00000119231","Gm6121"
"ENSMUST00000119285","Gm4297"
"ENSMUST00000119298","Gm7421"
"ENSMUST00000119362","Gm10230"
"ENSMUST00000119590","Gm2030"
"ENSMUST00000119649","Gm14525"
"ENSMUST00000119694","Ctsf"
"ENSMUST00000119953","Rsl1d1"
"ENSMUST00000119972","Dnajb3"
"ENSMUST00000120119","Pgap2"
"ENSMUST00000120268","Gm1993"
"ENSMUST00000120539","Lmo4"
"ENSMUST00000120734","Gm5934"
"ENSMUST00000120757","Slc5a4b"
"ENSMUST00000120826","Gm15210"
"ENSMUST00000120877","Gm7365"
"ENSMUST00000121245","Pvrl3"
"ENSMUST00000121297","Tbata"
"ENSMUST00000121325","Plagl1"
"ENSMUST00000121469","Reep1"
"ENSMUST00000121720","Nap1l2"
"ENSMUST00000121900","Gm2012"
"ENSMUST00000122062","2210409E12Rik"
"ENSMUST00000122862","Cfp"
"ENSMUST00000123526","Sit1"
"ENSMUST00000123765","Macf1"
"ENSMUST00000123927","1190005I06Rik"
"ENSMUST00000124745","Dda1"
"ENSMUST00000124992","Ube2j1"
"ENSMUST00000125151","Usp48"
"ENSMUST00000125375","Ugdh"
"ENSMUST00000126064","Ipo4"
"ENSMUST00000126353","Mllt3"
"ENSMUST00000126390","Reps1"
"ENSMUST00000126514","Glrx2"
"ENSMUST00000127325","Hsd17b4"
"ENSMUST00000128088","Saa1"
"ENSMUST00000128761","Sag"
"ENSMUST00000129055","Mtx1"
"ENSMUST00000129222","Art3"
"ENSMUST00000129241","Sptan1"
"ENSMUST00000129786","Ccdc101"
"ENSMUST00000129891","Gm20547"
"ENSMUST00000130116","Sema3e"
"ENSMUST00000130271","Odf4"
"ENSMUST00000130455","Crem"
"ENSMUST00000131045","Atp5g3"
"ENSMUST00000131070","Ide"
"ENSMUST00000132492","Lrrc23"
"ENSMUST00000132818","Krtcap2"
"ENSMUST00000135486","Clcnkb"
"ENSMUST00000136591","Dnajc21"
"ENSMUST00000137323","Akap10"
"ENSMUST00000137334","Pmpcb"
"ENSMUST00000137938","Itpr2"
"ENSMUST00000138603","Hap1"
"ENSMUST00000138836","Pcca"
"ENSMUST00000138967","Ankef1"
"ENSMUST00000139574","Tspan17"
"ENSMUST00000139848","Rasd2"
"ENSMUST00000140239","Cers1"
"ENSMUST00000140400","Cd55"
"ENSMUST00000140619","Setd4"
"ENSMUST00000140690","Csn3"
"ENSMUST00000141251","Emg1"
"ENSMUST00000142247","Zfp91"
"ENSMUST00000142636","4930430A15Rik"
"ENSMUST00000142734","Lgals3"
"ENSMUST00000143280","Smg8"
"ENSMUST00000144326","Ranbp9"
"ENSMUST00000144331","Satb1"
"ENSMUST00000144742","Cenpa"
"ENSMUST00000145165","Map2k7"
"ENSMUST00000145353","Cnot6"
"ENSMUST00000145738","Slmap"
"ENSMUST00000145910","Strn"
"ENSMUST00000145949","BC028528"
"ENSMUST00000146274","Rimklb"
"ENSMUST00000146905","Arl4a"
"ENSMUST00000147545","Ccdc6"
"ENSMUST00000147615","Khdc1b"
"ENSMUST00000147835","Rasl2-9"
"ENSMUST00000148159","Tnfaip8"
"ENSMUST00000148575","Serf2"
"ENSMUST00000148581","Rsph9"
"ENSMUST00000149615","Srp14"
"ENSMUST00000150779","Msi1"
"ENSMUST00000151219","Ctsh"
"ENSMUST00000151377","Crtap"
"ENSMUST00000151431","Wdr92"
"ENSMUST00000151698","Laptm5"
"ENSMUST00000152178","Rif1"
"ENSMUST00000154141","Flii"
"ENSMUST00000154169","Rell1"
"ENSMUST00000154802","Tpmt"
"ENSMUST00000154945","Toe1"
"ENSMUST00000155266","Pxmp2"
"ENSMUST00000155601","Pnpla7"
"ENSMUST00000155901","Cnot6l"
"ENSMUST00000156581","Trim3"
"ENSMUST00000159084","Tm7sf2"
"ENSMUST00000159096","Asl"
"ENSMUST00000159626","Ctnna2"
"ENSMUST00000159674","Vmn2r88"
"ENSMUST00000159787","Hgd"
"ENSMUST00000160279","4933417A18Rik"
"ENSMUST00000160433","Kcnc1"
"ENSMUST00000160507","Sucla2"
"ENSMUST00000160791","Reln"
"ENSMUST00000160929","Hsd11b1"
"ENSMUST00000161198","Cml1"
"ENSMUST00000161226","Auts2"
"ENSMUST00000161289","Ces4a"
"ENSMUST00000161399","Tnnc1"
"ENSMUST00000161600","Fam126b"
"ENSMUST00000161740","E330034G19Rik"
"ENSMUST00000161741","Atp5j2"
"ENSMUST00000161796","Hmgn3"
"ENSMUST00000161977","Fancc"
"ENSMUST00000162364","Mob4"
"ENSMUST00000162510","Nsmce4a"
"ENSMUST00000162564","Gm16039"
"ENSMUST00000162726","Znhit2"
"ENSMUST00000163321","Muc5ac"
"ENSMUST00000163329","Ubl7"
"ENSMUST00000163439","2310050C09Rik"
"ENSMUST00000163559","Ccr9"
"ENSMUST00000163705","AI317395"
"ENSMUST00000163783","Cdh16"
"ENSMUST00000163949","Mest"
"ENSMUST00000164108","Cul3"
"ENSMUST00000164416","Pcid2"
"ENSMUST00000164481","S100a14"
"ENSMUST00000164773","Phlda1"
"ENSMUST00000164950","Tmem191c"
"ENSMUST00000165062","Pdc"
"ENSMUST00000165147","Muc5b"
"ENSMUST00000165196","Rhbg"
"ENSMUST00000165307","Anp32e"
"ENSMUST00000165605","Grtp1"
"ENSMUST00000165819","Gdf1"
"ENSMUST00000165971","Sept10"
"ENSMUST00000166123","Eif5"
"ENSMUST00000167055","Carns1"
"ENSMUST00000167377","Iqgap1"
"ENSMUST00000167406","Ube2d2a"
"ENSMUST00000167549","Endod1"
"ENSMUST00000167634","Cyp11b2"
"ENSMUST00000167711","Banp"
"ENSMUST00000167824","Rab3c"
"ENSMUST00000167866","Idh3a"
"ENSMUST00000168119","Slco1a1"
"ENSMUST00000168890","Nrep"
"ENSMUST00000169345","Syn2"
"ENSMUST00000169712","Mtfr2"
"ENSMUST00000169786","Tns1"
"ENSMUST00000169897","Gcnt1"
"ENSMUST00000170000","Rbm7"
"ENSMUST00000170651","Dnah8"
"ENSMUST00000170695","Pcdh10"
"ENSMUST00000170795","Mcm3ap"
"ENSMUST00000170832","Prol1"
"ENSMUST00000171470","Lox"
"ENSMUST00000171765","Proc"
"ENSMUST00000171904","Kcnn4"
"ENSMUST00000172132","Tpi1"
"ENSMUST00000172594","Calm3"
"ENSMUST00000172753","Hspa1b"
"ENSMUST00000172785","H2-D1"
"ENSMUST00000172997","Uncx"
"ENSMUST00000173078","Otud4"
"ENSMUST00000173207","Ly6g6c"
"ENSMUST00000173357","Nelfe"
"ENSMUST00000174193","Mobp"
"ENSMUST00000174326","Lsm2"
"ENSMUST00000174488","Magohb"
"ENSMUST00000174651","Gm20604"
"ENSMUST00000174734","Kmt2c"
"ENSMUST00000176938","Cntrob"
"ENSMUST00000177462","Rnf141"
"ENSMUST00000177566","Gm10487"
"ENSMUST00000177846","Lhx8"
"ENSMUST00000177974","Atp2a2"
"ENSMUST00000178672","Gm10096"
"ENSMUST00000178887","Gm2092"
"ENSMUST00000178948","Gm21967"
"ENSMUST00000179300","Gm14527"
"ENSMUST00000179574","Prss35"
"ENSMUST00000179626","Rhox5"
"ENSMUST00000179869","Hmgcs1"
"ENSMUST00000179874","Gm4836"
"ENSMUST00000179938","Gm2759"
"ENSMUST00000180319","Gm6113"
"ENSMUST00000180435",NA
"ENSMUST00000180646","Rpgrip1"
"ENSMUST00000181333","Gm27021"
"ENSMUST00000181969","Ndfip2"
"ENSMUST00000182014","Sftpb"
"ENSMUST00000182056","Baiap3"
"ENSMUST00000182058","Dclre1a"
"ENSMUST00000182407","Pclo"
"ENSMUST00000183175","Nucb2"
"ENSMUST00000183200","Cacng6"
"ENSMUST00000183302","Dst"
"ENSMUST00000184469","Nfs1"
