gene.symbol in Mouse Data;TRA_new.gene.symbol
Pbsn;Pbsn
Igf2;Igf2
Apoh;Apoh
Klf6;Klf6
Cox5a;Cox5a
Tbx4;Tbx4
Cntn1;Cntn1
Ngfr;Ngfr
Acsl6;Acsl6
Itgb2l;Itgb2l
Slfn4;Slfn4
Th;Th
Ins2;Ins2
Scnn1g;Scnn1g
Lhx2;Lhx2
Gmpr;Gmpr
Trim25;Trim25
Scpep1;Scpep1
Itgb2;Itgb2
Pemt;Pemt
Ckmt1;Ckmt1
Ccl11;Ccl11
Trappc10;Trappc10
Tmprss2;Tmprss2
Fap;Fap
Tssk3;Tssk3
Pparg;Pparg
Plin2;Plin2
Ovgp1;Ovgp1
Rdx;Rdx
Gm2a;Gm2a
Hk2;Hk2
Sez6;Sez6
Haao;Haao
Tcl1b4;Tcl1b4
Dnmt3l;Dnmt3l
Ddx3x;Ddx3x
Txnrd3;Txnrd3
E2f1;E2f1
Dbh;Dbh
Slc7a7;Slc7a7
S100a4;S100a4
S100a3;S100a3
S100a5;S100a5
Icam2;Icam2
Nhp2;Nhp2
Slc13a2;Slc13a2
Slc46a1;Slc46a1
Col6a1;Col6a1
Pcbp3;Pcbp3
Ftcd;Ftcd
Anxa4;Anxa4
Calm1;Calm1
D10Jhu81e;D10Jhu81e
Slc26a4;Slc26a4
Slc26a3;Slc26a3
Cct3;Cct3
Cideb;Cideb
Tubb6;Tubb6
Tulp3;Tulp3
Gtf2h4;Gtf2h4
Klhl10;Klhl10
Gstt1;Gstt1
Gstt3;Gstt3
Ddt;Ddt
Tat;Tat
Cldn15;Cldn15
Coasy;Coasy
Ltbp1;Ltbp1
Ace;Ace
Vsig2;Vsig2
Spa17;Spa17
Pnck;Pnck
Ssr4;Ssr4
Cd3g;Cd3g
Unc119;Unc119
Psmc3;Psmc3
Clgn;Clgn
Napsa;Napsa
Rmnd5a;Rmnd5a
Dbf4;Dbf4
Tgm1;Tgm1
Rfx2;Rfx2
Nt5c1b;Nt5c1b
Prpf6;Prpf6
Snrpd1;Snrpd1
Tiam1;Tiam1
Scin;Scin
Pon1;Pon1
Axl;Axl
Tgfb1;Tgfb1
Shh;Shh
Pdcd2l;Pdcd2l
Med6;Med6
Mea1;Mea1
Gnmt;Gnmt
Sfrp4;Sfrp4
Epdr1;Epdr1
Plin4;Plin4
Cd97;Cd97
Lamb1;Lamb1
Apoe;Apoe
Apoc4;Apoc4
Apoc2;Apoc2
Elf3;Elf3
Cyp2c29;Cyp2c29
Lipe;Lipe
Sri;Sri
Grin2c;Grin2c
Car11;Car11
Hck;Hck
Mknk2;Mknk2
Cacnb3;Cacnb3
Myo1g;Myo1g
Ogdh;Ogdh
Fcgrt;Fcgrt
Casq1;Casq1
Inmt;Inmt
Gars;Gars
Tpm4;Tpm4
Psg18;Psg18
Ier3;Ier3
Comp;Comp
Crot;Crot
Calb2;Calb2
Gcdh;Gcdh
Syce2;Syce2
Nqo1;Nqo1
Efnb3;Efnb3
Mmd;Mmd
Fam162a;Fam162a
Gstm5;Gstm5
Gstm3;Gstm3
Hmox2;Hmox2
Col5a3;Col5a3
Ppan;Ppan
Psap;Psap
G6pdx;G6pdx
Phb2;Phb2
Ptpn6;Ptpn6
Eno2;Eno2
Gpx6;Gpx6
Utp20;Utp20
Sst;Sst
Psg17;Psg17
Psg19;Psg19
Ndrg2;Ndrg2
Etfb;Etfb
Cnn2;Cnn2
Tmed11;Tmed11
Mapk13;Mapk13
Lbr;Lbr
Hdgf;Hdgf
Crabp2;Crabp2
Map2k1;Map2k1
Dtx2;Dtx2
Zp3;Zp3
Nfe2l3;Nfe2l3
Prkacb;Prkacb
Cstb;Cstb
Cd44;Cd44
Eif2ak4;Eif2ak4
Ndrg1;Ndrg1
Prdx2;Prdx2
Corin;Corin
Cyp2b10;Cyp2b10
Casp14;Casp14
Slc1a6;Slc1a6
Slc1a3;Slc1a3
Msh6;Msh6
Hmox1;Hmox1
Asf1b;Asf1b
Myl10;Myl10
Msh4;Msh4
Por;Por
Fcer2a;Fcer2a
Atp4a;Atp4a
Trim28;Trim28
Adcy9;Adcy9
Mef2c;Mef2c
Tmod4;Tmod4
Kit;Kit
Apoa2;Apoa2
Pan2;Pan2
Cs;Cs
Ctcf;Ctcf
Cd247;Cd247
Klk1b16;Klk1b16
Sqrdl;Sqrdl
Adh5;Adh5
Pth1r;Pth1r
Cnga2;Cnga2
Reep5;Reep5
Cyp2d26;Cyp2d26
Itgae;Itgae
Tuft1;Tuft1
Rcn1;Rcn1
Dnase1;Dnase1
Tyrp1;Tyrp1
Prg4;Prg4
Lrwd1;Lrwd1
Rhox6;Rhox6
Htra1;Htra1
Atp6v1b2;Atp6v1b2
Aamp;Aamp
Arpc2;Arpc2
Upk1a;Upk1a
Ggt1;Ggt1
Prl7a2;Prl7a2
Prl8a9;Prl8a9
Prtn3;Prtn3
Itih3;Itih3
Itih4;Itih4
Itih1;Itih1
Cryba2;Cryba2
Slc4a1;Slc4a1
Cdt1;Cdt1
Runx1t1;Runx1t1
Aprt;Aprt
Slc17a1;Slc17a1
Aplp1;Aplp1
Qars;Qars
Gmnn;Gmnn
Acot13;Acot13
Pip4k2a;Pip4k2a
Saa4;Saa4
Krt23;Krt23
Sod2;Sod2
Acly;Acly
Eif1b;Eif1b
Klk1b11;Klk1b11
Syngr3;Syngr3
Hspa1l;Hspa1l
Slc44a4;Slc44a4
Abhd16a;Abhd16a
Krt14;Krt14
Krt13;Krt13
Krt31;Krt31
Akr1b7;Akr1b7
Pcdha1/Pcdha10/Pcdha11/Pcdha12/Pcdha2/Pcdha4/Pcdha5/Pcdhac1/Pcdhac2/Pcdha9;Pcdha1/Pcdha10/Pcdha11/Pcdha12/Pcdha2/Pcdha4/Pcdha5/Pcdhac1/Pcdhac2/Pcdha9
Abhd8;Abhd8
Fhl2;Fhl2
Clstn3;Clstn3
Carhsp1;Carhsp1
Herpud2;Herpud2
Elavl2;Elavl2
Rab25;Rab25
Cyp4f15;Cyp4f15
Gprc5b;Gprc5b
Acyp1;Acyp1
Abcb1b;Abcb1b
Serpinb2;Serpinb2
Rarres2;Rarres2
Pttg1ip;Pttg1ip
Kcnc4;Kcnc4
Eng;Eng
Syngr1;Syngr1
Taf7l;Taf7l
G0s2;G0s2
Fxyd5;Fxyd5
Ubp1;Ubp1
Sdhb;Sdhb
Snap47;Snap47
Zmynd10;Zmynd10
Gnat1;Gnat1
Slc47a1;Slc47a1
Dazl;Dazl
Psen2;Psen2
Acaa1b;Acaa1b
Fads1;Fads1
Asz1;Asz1
Wnt2;Wnt2
Kdelr3;Kdelr3
Slc5a1;Slc5a1
Cpb1;Cpb1
Pinlyp;Pinlyp
Ttn;Ttn
Gltp;Gltp
Med15;Med15
Rpa3;Rpa3
Dnajb6;Dnajb6
Enkd1;Enkd1
Adh4;Adh4
Trim54;Trim54
Lypd8;Lypd8
1810065E05Rik;1810065E05Rik
Birc3;Birc3
Elof1;Elof1
Klk10;Klk10
Myl2;Myl2
Sval2;Sval2
Ugt1a6a;Ugt1a6a
Ankrd17;Ankrd17
Cox6c;Cox6c
Ldhc;Ldhc
Plg;Plg
Rnf166;Rnf166
Tppp3;Tppp3
Surf4;Surf4
C8g;C8g
Ptgds;Ptgds
Fbxw5;Fbxw5
Slc25a13;Slc25a13
Mmp13;Mmp13
Gdi1;Gdi1
Sash1;Sash1
Pcolce2;Pcolce2
Tmem27;Tmem27
Ctsg;Ctsg
Ager;Ager
2310057J18Rik;2310057J18Rik
Ctsk;Ctsk
Ctss;Ctss
Setdb1;Setdb1
Cers2;Cers2
Nlrp5;Nlrp5
Med22;Med22
Bhmt2;Bhmt2
Qdpr;Qdpr
Adamtsl4;Adamtsl4
Hal;Hal
Lta4h;Lta4h
Amdhd1;Amdhd1
Ncf1;Ncf1
Adss;Adss
Fnta;Fnta
Ppap2a;Ppap2a
Lbp;Lbp
Fli1;Fli1
Tmbim1;Tmbim1
Atp5e;Atp5e
Cd34;Cd34
Lamp2;Lamp2
H3f3b;H3f3b
Svs4;Svs4
Svs5;Svs5
Serpinb6b;Serpinb6b
Ccdc70;Ccdc70
Prl5a1;Prl5a1
Brca1;Brca1
Vtn;Vtn
Cyba;Cyba
Timp2;Timp2
Top2b;Top2b
Suz12;Suz12
Krt27;Krt27
Krt12;Krt12
Krt20;Krt20
Ada;Ada
Serinc3;Serinc3
Pgs1;Pgs1
Mmp9;Mmp9
Sgk2;Sgk2
Prl;Prl
Ptgis;Ptgis
Cadps2;Cadps2
Cyb5r3;Cyb5r3
Hist1h2bc;Hist1h2bc
Wfdc15b;Wfdc15b
Gdf9;Gdf9
Zcchc10;Zcchc10
Prl8a8;Prl8a8
Prl8a6;Prl8a6
Krt33a;Krt33a
Prl8a2;Prl8a2
Pfn1;Pfn1
Ywhab;Ywhab
38231;38231
Ggnbp2;Ggnbp2
Myo1b;Myo1b
Akap1;Akap1
Myh1;Myh1
Cenpv;Cenpv
Asgr1;Asgr1
Slc2a4;Slc2a4
Cldn7;Cldn7
Acadvl;Acadvl
Tbx3;Tbx3
Mmp8;Mmp8
Dusp14;Dusp14
Tada2a;Tada2a
Copz2;Copz2
Slc25a39;Slc25a39
Cpsf4l;Cpsf4l
Cd68;Cd68
Lsp1;Lsp1
Avpi1;Avpi1
Rars;Rars
P4ha2;P4ha2
Alox12e;Alox12e
Tm4sf5;Tm4sf5
Ccl6;Ccl6
Map2k3;Map2k3
Scml2;Scml2
Cryaa;Cryaa
Aldh3a1;Aldh3a1
Ccl9;Ccl9
Isyna1;Isyna1
Mdh2;Mdh2
Dpep1;Dpep1
Nop9;Nop9
Hsd17b1;Hsd17b1
G6pc;G6pc
Sec14l4;Sec14l4
Ddx39;Ddx39
Arhgef25;Arhgef25
Icam5;Icam5
Myh8;Myh8
Rcn3;Rcn3
Pdk4;Pdk4
Iyd;Iyd
Katna1;Katna1
Pex3;Pex3
Cep57l1;Cep57l1
Cd164;Cd164
Rab32;Rab32
Wasf1;Wasf1
Lama4;Lama4
Tnfaip3;Tnfaip3
Aim1;Aim1
Smpdl3a;Smpdl3a
Fabp7;Fabp7
Serinc1;Serinc1
Mgat4c;Mgat4c
Nts;Nts
Zwint;Zwint
Ube2d1;Ube2d1
Myb;Myb
Arg1;Arg1
Nedd1;Nedd1
Ifngr1;Ifngr1
Nudt4;Nudt4
Cry1;Cry1
Timp3;Timp3
Pah;Pah
Dram1;Dram1
Sycp3;Sycp3
Pbld1;Pbld1
Supv3l1;Supv3l1
Pcbd1;Pcbd1
Ddit4;Ddit4
Plek;Plek
Egfr;Egfr
Tbc1d15;Tbc1d15
Gamt;Gamt
Ndufs7;Ndufs7
Mum1;Mum1
Yeats4;Yeats4
Atp8b3;Atp8b3
Csrp2;Csrp2
Wif1;Wif1
Tmbim4;Tmbim4
Prmt2;Prmt2
D10Wsu102e;D10Wsu102e
Adarb1;Adarb1
1700093K21Rik;1700093K21Rik
Nsg2;Nsg2
Ccng1;Ccng1
Sar1b;Sar1b
Ube2b;Ube2b
Itk;Itk
Hus1;Hus1
Pttg1;Pttg1
Btg2;Btg2
Igfbp3;Igfbp3
Gabra6;Gabra6
Gabra1;Gabra1
Tcn2;Tcn2
Smtn;Smtn
Ccdc104;Ccdc104
Pgam2;Pgam2
Dynll2;Dynll2
Ccdc117;Ccdc117
Mpo;Mpo
Gdpd1;Gdpd1
Cnot8;Cnot8
Sap30l;Sap30l
Mfap3;Mfap3
Ppm1d;Ppm1d
Atp6v1c2;Atp6v1c2
Sypl;Sypl
Agr2;Agr2
Laptm4a;Laptm4a
Sdc1;Sdc1
Fam84a;Fam84a
Adi1;Adi1
Fkbp1b;Fkbp1b
Allc;Allc
Rsad2;Rsad2
Id2;Id2
Bcap29;Bcap29
Rrm2;Rrm2
Grhl1;Grhl1
Pomc;Pomc
Cct6b;Cct6b
Smarcd2;Smarcd2
Cacng1;Cacng1
Slc9a3r1;Slc9a3r1
Fdxr;Fdxr
Pafah1b1;Pafah1b1
Galk1;Galk1
Atp2a3;Atp2a3
Tekt1;Tekt1
Med31;Med31
Fam101b;Fam101b
Tac4;Tac4
Slc35b1;Slc35b1
Snx11;Snx11
Lrrc46;Lrrc46
Vamp2;Vamp2
Rcvrn;Rcvrn
Foxg1;Foxg1
Psma6;Psma6
Sgpp1;Sgpp1
Rab15;Rab15
Nin;Nin
Rtn1;Rtn1
Serpina3n;Serpina3n
Dhrs7;Dhrs7
Hif1a;Hif1a
Arg2;Arg2
Zfp36l1;Zfp36l1
Smoc1;Smoc1
Lgmn;Lgmn
Chga;Chga
Akr1c21;Akr1c21
Akr1c6;Akr1c6
Akr1c13;Akr1c13
Akr1c18;Akr1c18
Npc2;Npc2
Fos;Fos
Amn;Amn
Zfyve21;Zfyve21
Adssl1;Adssl1
Gng4;Gng4
Mak;Mak
Elovl2;Elovl2
Id4;Id4
Eci3;Eci3
Eci2;Eci2
Ly86;Ly86
Riok1;Riok1
Ctla2a;Ctla2a
Ctla2b;Ctla2b
Ctsq;Ctsq
Ctsr;Ctsr
Cts6;Cts6
Gadd45g;Gadd45g
Fbp2;Fbp2
Sptlc1;Sptlc1
Habp4;Habp4
F12;F12
Pitx1;Pitx1
Cxcl14;Cxcl14
1700067P10Rik;1700067P10Rik
Slc28a3;Slc28a3
Naa35;Naa35
Golm1;Golm1
Sdha;Sdha
Lpcat1;Lpcat1
Slc6a3;Slc6a3
Slc6a18;Slc6a18
Acot12;Acot12
Ckmt2;Ckmt2
Serf1;Serf1
Smn1;Smn1
Cartpt;Cartpt
Thbs4;Thbs4
Srek1ip1;Srek1ip1
Emb;Emb
Oit1;Oit1
Gpx8;Gpx8
Fst;Fst
Fam213a;Fam213a
Glud1;Glud1
Ldb3;Ldb3
Cdhr1;Cdhr1
Rgr;Rgr
Vcl;Vcl
1700011H14Rik;1700011H14Rik
Phf7;Phf7
Msmb;Msmb
Pbrm1;Pbrm1
Kpna3;Kpna3
Cryl1;Cryl1
Anxa8;Anxa8
Dcp1a;Dcp1a
1700129C05Rik;1700129C05Rik
Mtmr6;Mtmr6
Cacna2d3;Cacna2d3
Cpb2;Cpb2
Tsc22d1;Tsc22d1
Dnajc15;Dnajc15
Epsti1;Epsti1
Rgcc;Rgcc
Lect1;Lect1
Scara5;Scara5
Pbk;Pbk
Clu;Clu
Adam2;Adam2
Ptk2b;Ptk2b
Ebf2;Ebf2
Nefl;Nefl
Adamdec1;Adamdec1
Nkx3-1;Nkx3-1
Pdlim2;Pdlim2
Sftpc;Sftpc
Dmtn;Dmtn
Rb1;Rb1
Med4;Med4
Ednrb;Ednrb
Dct;Dct
Tgds;Tgds
C9;C9
Mettl3;Mettl3
Haus4;Haus4
Sub1;Sub1
Dhrs4;Dhrs4
Fitm1;Fitm1
Tars;Tars
C1qtnf3;C1qtnf3
Mtdh;Mtdh
Laptm4b;Laptm4b
Rnf19a;Rnf19a
Rad21;Rad21
Shcbp1;Shcbp1
Hrsp12;Hrsp12
Osr2;Osr2
Khdrbs3;Khdrbs3
Ndufb9;Ndufb9
Slc22a22;Slc22a22
Lrrc6;Lrrc6
Slc25a17;Slc25a17
Dnal4;Dnal4
Deptor;Deptor
Fam118a;Fam118a
Upk3a;Upk3a
Parvg;Parvg
Slc38a4;Slc38a4
Rpap3;Rpap3
Endou;Endou
Aco2;Aco2
Vdr;Vdr
Pde1b;Pde1b
Glycam1;Glycam1
Prm1;Prm1
Cldn1;Cldn1
Gpt;Gpt
Apod;Apod
Cyc1;Cyc1
Dgat1;Dgat1
Fbxl6;Fbxl6
Plec;Plec
Ly6f;Ly6f
Lynx1;Lynx1
Psca;Psca
Miox;Miox
Acr;Acr
Alcam;Alcam
Retnlb;Retnlb
Retnla;Retnla
Cd200;Cd200
Mcm4;Mcm4
Serpind1;Serpind1
Sdf2l1;Sdf2l1
Spag6;Spag6
B4galt4;B4galt4
Popdc2;Popdc2
Muc13;Muc13
Ropn1;Ropn1
Ehhadh;Ehhadh
Ahsg;Ahsg
Fetub;Fetub
Hrg;Hrg
St6gal1;St6gal1
Prl2a1;Prl2a1
Atp5j;Atp5j
Ets2;Ets2
Ildr1;Ildr1
4930553J12Rik/Krtap15;4930553J12Rik/Krtap15
Grik1;Grik1
Atp5o;Atp5o
1110004E09Rik;1110004E09Rik
Krt5;Krt5
Krt71;Krt71
Krt2;Krt2
Krt84;Krt84
Lalba;Lalba
Tmbim6;Tmbim6
Gpd1;Gpd1
Cers5;Cers5
Cela1;Cela1
Nr4a1;Nr4a1
Krt6a;Krt6a
Krt1;Krt1
Krt4;Krt4
Krt79;Krt79
Csad;Csad
Igfbp6;Igfbp6
Amhr2;Amhr2
Fabp2;Fabp2
Sncg;Sncg
Rgn;Rgn
Cxcl13;Cxcl13
Ccrn4l;Ccrn4l
Ndufa5;Ndufa5
Sult1c2;Sult1c2
Gzma;Gzma
Reg2;Reg2
Ivns1abp;Ivns1abp
Ceacam14;Ceacam14
Cfhr1;Cfhr1
Ccl25;Ccl25
Scg5;Scg5
Guca2a;Guca2a
Cypt1;Cypt1
9530002B09Rik;9530002B09Rik
Creld2;Creld2
Cd4;Cd4
Bmp15;Bmp15
March5;March5
Ache;Ache
Stk31;Stk31
Tulp2;Tulp2
Prph;Prph
Fam132a;Fam132a
Slc22a1;Slc22a1
Map2;Map2
1700010I14Rik;1700010I14Rik
Smoc2;Smoc2
Pla2g7;Pla2g7
Mep1a;Mep1a
Tnfrsf21;Tnfrsf21
Crisp2;Crisp2
Sgol1;Sgol1
Sult1c1;Sult1c1
Vegfa;Vegfa
Prph2;Prph2
Guca1b;Guca1b
Med20;Med20
Pgc;Pgc
Tspo2;Tspo2
Rnf8;Rnf8
Tff2;Tff2
Tff3;Tff3
Tff1;Tff1
Rsph1;Rsph1
Myom1;Myom1
Ndc80;Ndc80
Xdh;Xdh
Spast;Spast
Vit;Vit
Pja2;Pja2
Ndufv2;Ndufv2
Prss30;Prss30
Slc3a1;Slc3a1
Epas1;Epas1
Rhoq;Rhoq
Pigf;Pigf
Gtf2a1l;Gtf2a1l
Hagh;Hagh
Ift140;Ift140
Dusp1;Dusp1
Uqcc2;Uqcc2
Armc12;Armc12
Clps;Clps
Lyzl1;Lyzl1
Svil;Svil
Kif5b;Kif5b
Polr2d;Polr2d
Syt4;Syt4
Celf4;Celf4
Mapre2;Mapre2
Psmb8;Psmb8
Hspa9;Hspa9
Cfb;Cfb
Stard4;Stard4
Bin1;Bin1
Csnk2b;Csnk2b
Apom;Apom
Bag6;Bag6
Aif1;Aif1
Ltb;Ltb
Psors1c2;Psors1c2
Npc1;Npc1
Impact;Impact
Dhx16;Dhx16
Myot;Myot
Dpysl3;Dpysl3
Sec11c;Sec11c
Grp;Grp
Cplx4;Cplx4
Cidea;Cidea
Me2;Me2
Pde6a;Pde6a
Fbn2;Fbn2
Cdx1;Cdx1
Psat1;Psat1
Cndp2;Cndp2
Scgb1a1;Scgb1a1
Cd5;Cd5
Ms4a6b;Ms4a6b
Gif;Gif
Keg1;Keg1
Rfk;Rfk
Ostf1;Ostf1
Ms4a8a;Ms4a8a
Zp1;Zp1
Tmem132a;Tmem132a
Pga5;Pga5
Slc22a19;Slc22a19
Rtn3;Rtn3
Naa40;Naa40
Ppp2r5b;Ppp2r5b
Cdca5;Cdca5
Ankrd1;Ankrd1
Il33;Il33
Frmd8;Frmd8
Chka;Chka
Gldc;Gldc
Cdk2ap2;Cdk2ap2
Mbl2;Mbl2
Cnih2;Cnih2
Papss2;Papss2
Cpt1a;Cpt1a
Gal;Gal
Vldlr;Vldlr
Prdx5;Prdx5
Pla2g16;Pla2g16
Smc3;Smc3
Rbp4;Rbp4
Prdx3;Prdx3
Cyp2c55;Cyp2c55
Cyp17a1;Cyp17a1
Pcgf6;Pcgf6
Col17a1;Col17a1
Casp7;Casp7
Pnliprp2;Pnliprp2
Bnc1;Bnc1
Bhlhe22;Bhlhe22
P4hb;P4hb
Alyref;Alyref
Maged1;Maged1
Dcxr;Dcxr
Ankrd2;Ankrd2
Got1;Got1
Cpn1;Cpn1
Cyp2c44;Cyp2c44
Scd2;Scd2
Acot9;Acot9
Prdx4;Prdx4
Padi3;Padi3
Padi1;Padi1
Sbds;Sbds
Mettl7b;Mettl7b
Dgka;Dgka
Pde6g;Pde6g
Mip;Mip
Crisp1;Crisp1
Crisp3;Crisp3
Avil;Avil
4833420G17Rik;4833420G17Rik
Prap1;Prap1
Inpp5a;Inpp5a
Odf3;Odf3
2010106E10Rik;2010106E10Rik
Phkg1;Phkg1
Tm9sf2;Tm9sf2
Cbx2;Cbx2
Cbx4;Cbx4
Gaa;Gaa
Nptx1;Nptx1
Podxl;Podxl
Shisa5;Shisa5
Uqcrc1;Uqcrc1
Nmb;Nmb
Fam195a;Fam195a
Prps2;Prps2
Plk4;Plk4
Gdap1;Gdap1
Slco3a1;Slco3a1
Cyp4v3;Cyp4v3
1700008F21Rik;1700008F21Rik
Pramel6;Pramel6
Prkar1b;Prkar1b
Cplx2;Cplx2
4833439L19Rik;4833439L19Rik
Casp1;Casp1
Gria4;Gria4
Ppp1r42;Ppp1r42
Rdh10;Rdh10
Tram1;Tram1
Crygb;Crygb
Ndufs1;Ndufs1
Cps1;Cps1
Cd28;Cd28
1500015O10Rik;1500015O10Rik
Il1r2;Il1r2
Stk17b;Stk17b
Stat4;Stat4
Nabp1;Nabp1
Unc50;Unc50
Plekhb2;Plekhb2
Prss39;Prss39
Ptpn18;Ptpn18
Tm4sf20;Tm4sf20
Cyp27a1;Cyp27a1
Vil1;Vil1
Pnkd;Pnkd
Tnp1;Tnp1
Igfbp5;Igfbp5
Pecr;Pecr
Ptprn;Ptprn
Itm2c;Itm2c
Pde6d;Pde6d
Serpine2;Serpine2
Efhd1;Efhd1
Ngef;Ngef
Agxt;Agxt
Pask;Pask
Atg16l1;Atg16l1
Spp2;Spp2
Mlph;Mlph
Serpinb11;Serpinb11
Lypd1;Lypd1
Mcm6;Mcm6
Rgs18;Rgs18
Gm4788;Gm4788
F13b;F13b
Tfcp2l1;Tfcp2l1
Epb4.1l5;Epb4.1l5
Dbi;Dbi
Marco;Marco
Nr5a2;Nr5a2
C4bp;C4bp
Pkp1;Pkp1
Tnnt2;Tnnt2
Csrp1;Csrp1
Gpr37l1;Gpr37l1
Ube2t;Ube2t
Rassf5;Rassf5
Slc45a3;Slc45a3
Lamc1;Lamc1
Lamc2;Lamc2
Ahctf1;Ahctf1
Acbd3;Acbd3
Desi2;Desi2
Fh1;Fh1
Mptx1;Mptx1
Tada1;Tada1
Mpc2;Mpc2
Atp1b1;Atp1b1
Kifap3;Kifap3
Bpnt1;Bpnt1
Olah;Olah
Hspa14;Hspa14
Phyh;Phyh
Rgs4;Rgs4
Rgs5;Rgs5
Nuf2;Nuf2
Aldh9a1;Aldh9a1
Mgst3;Mgst3
Fmo3;Fmo3
Myoc;Myoc
Mrc1;Mrc1
Bmi1;Bmi1
Mllt10;Mllt10
Nr5a1;Nr5a1
Fam188a;Fam188a
Itga8;Itga8
Pfkfb3;Pfkfb3
Mastl;Mastl
Odf2;Odf2
Fam129b;Fam129b
Med27;Med27
Fpgs;Fpgs
Cel;Cel
Cytip;Cytip
Olfm1;Olfm1
Tor1a;Tor1a
Hspa5;Hspa5
Hc;Hc
Stom;Stom
Rbm18;Rbm18
Grb14;Grb14
Col5a1;Col5a1
Lcn4;Lcn4
Notch1;Notch1
1700019N19Rik;1700019N19Rik
Lcn3;Lcn3
Fcna;Fcna
Lrrc26;Lrrc26
Fam166a;Fam166a
Zmynd19;Zmynd19
Cd302;Cd302
Wdsub1;Wdsub1
Frzb;Frzb
Dnajc10;Dnajc10
Hat1;Hat1
Cyct;Cyct
Prg2;Prg2
Phospho2;Phospho2
Gorasp2;Gorasp2
Itga6;Itga6
Rapgef4;Rapgef4
Kif18a;Kif18a
Fshb;Fshb
Depdc7;Depdc7
Elf5;Elf5
Gatm;Gatm
Slc12a1;Slc12a1
Fbn1;Fbn1
Meis2;Meis2
Dph6;Dph6
Syt13;Syt13
Hypk;Hypk
F2;F2
Ddb2;Ddb2
Hao1;Hao1
Snap25;Snap25
Ehd4;Ehd4
Itpka;Itpka
Tyro3;Tyro3
Oxt;Oxt
Spint1;Spint1
Rad51;Rad51
Smox;Smox
Chgb;Chgb
Tmco5;Tmco5
Hdc;Hdc
Mall;Mall
Nphp1;Nphp1
Fbln7;Fbln7
Slc20a1;Slc20a1
Idh3b;Idh3b
Pcsk2;Pcsk2
Bfsp1;Bfsp1
Napb;Napb
Cst8;Cst8
Cst12;Cst12
Cst9;Cst9
Acss1;Acss1
Sdcbp2;Sdcbp2
Tpx2;Tpx2
Mylk2;Mylk2
Bpifa1;Bpifa1
Bpifb1;Bpifb1
Aurka;Aurka
Pkia;Pkia
Stmn2;Stmn2
Rae1;Rae1
Rbm38;Rbm38
Snx16;Snx16
Atp9a;Atp9a
Sall4;Sall4
E2f5;E2f5
Car2;Car2
Pcmtd2;Pcmtd2
Raly;Raly
Map1lc3a;Map1lc3a
Dnajc5b;Dnajc5b
Procr;Procr
Ghrh;Ghrh
Slc13a3;Slc13a3
Ndufb5;Ndufb5
Slc2a2;Slc2a2
Trpc3;Trpc3
Adad1;Adad1
Aadac;Aadac
Schip1;Schip1
Ccna1;Ccna1
Nbea;Nbea
Tm4sf4;Tm4sf4
Serp1;Serp1
Mme;Mme
Sycp1;Sycp1
Tshb;Tshb
Casq2;Casq2
Hao2;Hao2
Hsd3b1;Hsd3b1
Slc25a24;Slc25a24
Crct1;Crct1
Lce1d;Lce1d
Lce1a2;Lce1a2
Lce1b;Lce1b
Creb3l4;Creb3l4
Vcam1;Vcam1
Lef1;Lef1
Sfrp2;Sfrp2
Plrg1;Plrg1
Gucy1b3;Gucy1b3
Gar1;Gar1
Tdo2;Tdo2
Egf;Egf
Glrb;Glrb
Pitx2;Pitx2
Cd1d1;Cd1d1
Fmo5;Fmo5
Ecm1;Ecm1
Myoz2;Myoz2
Bcar3;Bcar3
Gclm;Gclm
Abcd3;Abcd3
F3;F3
Cnn3;Cnn3
Tmem56;Tmem56
Ptbp2;Ptbp2
Rap1gds1;Rap1gds1
Tspan5;Tspan5
Mttp;Mttp
Slc39a8;Slc39a8
Rpe65;Rpe65
Uox;Uox
Cyr61;Cyr61
Cryz;Cryz
Trp53inp1;Trp53inp1
Cdh17;Cdh17
Decr1;Decr1
Cyp7a1;Cyp7a1
Fhl5;Fhl5
Clca2;Clca2
Gtf2b;Gtf2b
Rragd;Rragd
Casp8ap2;Casp8ap2
Slc35a1;Slc35a1
Cga;Cga
Aldob;Aldob
Abca1;Abca1
Coro2a;Coro2a
Brinp1;Brinp1
Fmn2;Fmn2
Ambp;Ambp
Orm1;Orm1
Tnc;Tnc
Pole3;Pole3
Spink4;Spink4
Dcaf12;Dcaf12
Tpm2;Tpm2
Glipr2;Glipr2
Sh3gl2;Sh3gl2
Tctex1d1;Tctex1d1
2610528J11Rik;2610528J11Rik
Angptl3;Angptl3
Cyp2j5;Cyp2j5
Eqtn;Eqtn
Pdpn;Pdpn
Cpt2;Cpt2
Magoh;Magoh
Ctps;Ctps
Ermap;Ermap
Slc2a1;Slc2a1
Rragc;Rragc
Akr1a1;Akr1a1
Nasp;Nasp
Tspan1;Tspan1
Nsun4;Nsun4
Cyp4a14;Cyp4a14
Pdzk1ip1;Pdzk1ip1
Cmpk1;Cmpk1
Pla2g2f;Pla2g2f
Cda;Cda
Pink1;Pink1
Alpl;Alpl
Sema3c;Sema3c
Hpca;Hpca
Tmem54;Tmem54
Ptp4a2;Ptp4a2
Rnf19b;Rnf19b
Phc2;Phc2
Syf2;Syf2
Rhd;Rhd
Ncdn;Ncdn
Sh3bgrl3;Sh3bgrl3
Tekt2;Tekt2
Gpn2;Gpn2
Map3k6;Map3k6
Smpdl3b;Smpdl3b
Sf3a3;Sf3a3
Epb4.1;Epb4.1
Padi2;Padi2
Kcnab2;Kcnab2
Galntl5;Galntl5
Acot7;Acot7
Smarcd3;Smarcd3
Park7;Park7
Kif1b;Kif1b
Errfi1;Errfi1
Car6;Car6
Slc2a5;Slc2a5
H6pd;H6pd
Ctnnbip1;Ctnnbip1
Mad2l2;Mad2l2
Orc5;Orc5
Gabrd;Gabrd
Fam213b;Fam213b
Mmp23;Mmp23
Gnb1;Gnb1
Mxra8;Mxra8
Cd38;Cd38
Pacrgl;Pacrgl
Gpr125;Gpr125
Hgfac;Hgfac
Crmp1;Crmp1
Nsg1;Nsg1
Cgref1;Cgref1
Emilin1;Emilin1
Anapc4;Anapc4
Sel1l3;Sel1l3
Cckar;Cckar
Rhoh;Rhoh
Gnpda2;Gnpda2
Gabrb1;Gabrb1
Uchl1;Uchl1
Srd5a3;Srd5a3
Pdcl2;Pdcl2
Ugt2b34;Ugt2b34
Ugt2b1;Ugt2b1
Ugt2a3;Ugt2a3
Sult1b1;Sult1b1
Sult1e1;Sult1e1
Smr3a;Smr3a
Cdc7;Cdc7
Tgfbr3;Tgfbr3
Rufy3;Rufy3
Gbp8;Gbp8
Ibsp;Ibsp
Crybb1;Crybb1
Tpst2;Tpst2
Crybb2;Crybb2
Tesc;Tesc
Dck;Dck
Alb;Alb
Cxcl5;Cxcl5
Ppbp;Ppbp
Pf4;Pf4
Cxcl15;Cxcl15
Areg;Areg
Ccng2;Ccng2
Eif2b1;Eif2b1
Rchy1;Rchy1
Uso1;Uso1
Slc15a4;Slc15a4
Rnf34;Rnf34
Pde6b;Pde6b
Prkab1;Prkab1
Pla2g1b;Pla2g1b
Ung;Ung
Cdk8;Cdk8
Cdx2;Cdx2
Flt1;Flt1
C8b;C8b
Tfpi2;Tfpi2
Tspan12;Tspan12
Lmod2;Lmod2
Wasl;Wasl
Cul1;Cul1
Aass;Aass
Slc13a1;Slc13a1
Fscn3;Fscn3
Tfr2;Tfr2
Pcolce;Pcolce
Cyp3a13;Cyp3a13
Asns;Asns
Calu;Calu
Hibadh;Hibadh
Fkbp9;Fkbp9
Cpa1;Cpa1
Abcg2;Abcg2
Aoc1;Aoc1
1600015I10Rik;1600015I10Rik
Npy;Npy
Gstk1;Gstk1
Sval1;Sval1
2210010C04Rik;2210010C04Rik
Moxd2;Moxd2
Prss37;Prss37
Nat8;Nat8
Cml5;Cml5
Reg3g;Reg3g
Gkn2;Gkn2
Gkn1;Gkn1
Hmces;Hmces
Prok2;Prok2
Chchd6;Chchd6
Aldh1l1;Aldh1l1
Tmem43;Tmem43
Slc6a6;Slc6a6
Itpr1;Itpr1
Mfap5;Mfap5
Clec1b;Clec1b
Gabarapl1;Gabarapl1
Olr1;Olr1
Ybx3;Ybx3
Plbd1;Plbd1
Gucy2c;Gucy2c
Arhgdib;Arhgdib
Rerg;Rerg
Plcz1;Plcz1
Lmcd1;Lmcd1
Sspn;Sspn
Lrmp;Lrmp
Bcat1;Bcat1
Cidec;Cidec
Cmas;Cmas
Sec13;Sec13
Slc6a1;Slc6a1
Iigp1;Iigp1
Slc2a3;Slc2a3
Necap1;Necap1
Cd27;Cd27
Vamp1;Vamp1
Fkbp4;Fkbp4
Ceacam12;Ceacam12
Slc27a5;Slc27a5
Rtn2;Rtn2
Pglyrp1;Pglyrp1
Ttyh1;Ttyh1
Tubgcp5;Tubgcp5
Csrp3;Csrp3
Slc7a9;Slc7a9
Slc17a6;Slc17a6
Nr2f2;Nr2f2
Nox4;Nox4
Tyrobp;Tyrobp
Ryr1;Ryr1
Mfge8;Mfge8
Fah;Fah
Calcb;Calcb
Calca;Calca
Stard10;Stard10
Aldoa;Aldoa
Klk7;Klk7
Pold3;Pold3
Prss8;Prss8
Lat;Lat
Aqp8;Aqp8
Dkk3;Dkk3
Pak1;Pak1
Cox6a2;Cox6a2
Lyve1;Lyve1
Dkkl1;Dkkl1
Cd37;Cd37
Nucb1;Nucb1
Bag3;Bag3
Tacc2;Tacc2
Ptpn5;Ptpn5
Plk1;Plk1
Cdr2;Cdr2
Uqcrc2;Uqcrc2
Hpx;Hpx
Crym;Crym
Zp2;Zp2
Thumpd1;Thumpd1
Gp2;Gp2
Umod;Umod
Ctbp2;Ctbp2
Rrm1;Rrm1
Nrip3;Nrip3
Ebf3;Ebf3
Usp11;Usp11
Ano1;Ano1
Slc6a14;Slc6a14
Sash3;Sash3
2610018G03Rik;2610018G03Rik
Fgf13;Fgf13
F9;F9
Atp11c;Atp11c
Ebp;Ebp
Dynlt3;Dynlt3
Fundc2;Fundc2
Pls3;Pls3
Heph;Heph
Magee1;Magee1
Pgk2;Pgk2
Itm2a;Itm2a
Sh3bgrl;Sh3bgrl
Sytl4;Sytl4
Rs1;Rs1
Pdha1;Pdha1
Il2rg;Il2rg
Itgb1bp2;Itgb1bp2
Flna;Flna
Rbbp7;Rbbp7
Msl3;Msl3
Ap1s2;Ap1s2
Figf;Figf
Slc6a8;Slc6a8
Piga;Piga
Asb11;Asb11
Plp1;Plp1
Prps1;Prps1
Atp11a;Atp11a
F10;F10
Lamp1;Lamp1
Atp4b;Atp4b
Gas6;Gas6
1700029H14Rik;1700029H14Rik
Myom2;Myom2
Defb3;Defb3
Defb8;Defb8
Gpr124;Gpr124
Col4a1;Col4a1
Col4a2;Col4a2
Gpm6a;Gpm6a
Spata4;Spata4
Asb5;Asb5
Tmem66;Tmem66
Polb;Polb
Plat;Plat
Ido1;Ido1
Adam3;Adam3
Gsr;Gsr
Fgl1;Fgl1
Cnot7;Cnot7
Sc4mol;Sc4mol
Klhl2;Klhl2
Sap30;Sap30
Tmem184c;Tmem184c
4933411K20Rik;4933411K20Rik
Slc25a4;Slc25a4
Anxa10;Anxa10
Pdlim3;Pdlim3
Palld;Palld
N4bp1;N4bp1
Cbln1;Cbln1
Brd7;Brd7
Orc6;Orc6
Gpt2;Gpt2
Ucp1;Ucp1
Ces1f;Ces1f
Mmp2;Mmp2
Ces1c;Ces1c
Gnao1;Gnao1
Cenpn;Cenpn
Mt4;Mt4
Mt3;Mt3
Mt2;Mt2
Mt1;Mt1
Herpud1;Herpud1
Cx3cl1;Cx3cl1
Coq9;Coq9
Kifc3;Kifc3
Tmem38a;Tmem38a
Insl3;Insl3
Rab3a;Rab3a
Mphosph6;Mphosph6
Hsd17b2;Hsd17b2
Cmtm2a;Cmtm2a
Ces2a;Ces2a
Hsd11b2;Hsd11b2
Ctrl;Ctrl
Dpep3;Dpep3
Pla2g15;Pla2g15
Tmed6;Tmed6
Cyb5b;Cyb5b
Ctrb1;Ctrb1
Egln1;Egln1
Spata19;Spata19
Dcun1d5;Dcun1d5
Usp2;Usp2
Trim29;Trim29
Ets1;Ets1
St3gal4;St3gal4
Rpusd4;Rpusd4
Fdx1;Fdx1
Pou2af1;Pou2af1
Apoa4;Apoa4
Apoc3;Apoc3
Apoa1;Apoa1
Tagln;Tagln
Mpzl2;Mpzl2
Cd3d;Cd3d
Treh;Treh
Pate4;Pate4
Ddx25;Ddx25
Chek1;Chek1
Fez1;Fez1
Mcam;Mcam
Scg3;Scg3
Bcl2l10;Bcl2l10
Aldh1a2;Aldh1a2
Lipc;Lipc
Rnf111;Rnf111
Ccnb2;Ccnb2
Mns1;Mns1
Tcf12;Tcf12
Narg2;Narg2
Rp9;Rp9
Rora;Rora
Calml4;Calml4
Elovl4;Elovl4
Nnmt;Nnmt
Cyp19a1;Cyp19a1
Kif23;Kif23
Acsbg1;Acsbg1
Pkm;Pkm
Cyp1a2;Cyp1a2
Gsta4;Gsta4
Elovl5;Elovl5
Tinag;Tinag
Rasgrf1;Rasgrf1
Zic1;Zic1
Lactb;Lactb
Plscr2;Plscr2
Snx1;Snx1
Smad3;Smad3
Atr;Atr
Rasa2;Rasa2
Me1;Me1
Cmtm7;Cmtm7
Stt3b;Stt3b
Tgfbr2;Tgfbr2
Eomes;Eomes
Clstn2;Clstn2
Rbp2;Rbp2
Cldn18;Cldn18
Map4;Map4
Cspg5;Cspg5
Ngp;Ngp
Ltf;Ltf
Arpp21;Arpp21
Hhatl;Hhatl
Cck;Cck
Amotl2;Amotl2
Slco2a1;Slco2a1
Rab6b;Rab6b
1300017J02Rik;1300017J02Rik
Topbp1;Topbp1
Dnajc13;Dnajc13
1700080E11Rik;1700080E11Rik
Slc25a20;Slc25a20
1700102P08Rik;1700102P08Rik
Spert;Spert
Ms4a4b;Ms4a4b
Pygm;Pygm
Prl3b1;Prl3b1
Nup88;Nup88
Degs1;Degs1
Spib;Spib
Qsox1;Qsox1
Sv2a;Sv2a
Azgp1;Azgp1
Lama1;Lama1
Acbd6;Acbd6
Tspan8;Tspan8
Cyp7b1;Cyp7b1
1700065I17Rik;1700065I17Rik
Ppl;Ppl
Ypel1;Ypel1
Rbp3;Rbp3
Armcx1;Armcx1
Oma1;Oma1
Fgl2;Fgl2
1700028P14Rik;1700028P14Rik
Cdrt4;Cdrt4
Slc7a13;Slc7a13
Cyp3a11;Cyp3a11
Ccl5;Ccl5
Ngf;Ngf
Txndc5;Txndc5
Leap2;Leap2
Isl1;Isl1
Trim69;Trim69
Cops8;Cops8
En2;En2
Ccdc92;Ccdc92
Nfkbiz;Nfkbiz
Spcs2;Spcs2
Htr2c;Htr2c
Gria1;Gria1
Snap91;Snap91
Phldb2;Phldb2
Glyctk;Glyctk
S100b;S100b
Alox12b;Alox12b
Atp1a1;Atp1a1
Ubac1;Ubac1
Fam117b;Fam117b
Pank1;Pank1
Ptplad1;Ptplad1
Dusp26;Dusp26
Coil;Coil
Cog6;Cog6
Efhd2;Efhd2
Ephx1;Ephx1
9530068E07Rik;9530068E07Rik
Gbx2;Gbx2
3632451O06Rik;3632451O06Rik
Hspb8;Hspb8
Lmo1;Lmo1
Evpl;Evpl
Mmd2;Mmd2
Ctrc;Ctrc
Slc25a37;Slc25a37
Med30;Med30
Dlx1;Dlx1
2700029M09Rik;2700029M09Rik
Cdkn1c;Cdkn1c
Abhd2;Abhd2
Skp1a;Skp1a
Inha;Inha
Ccnd3;Ccnd3
Tbc1d19;Tbc1d19
Naa30;Naa30
Eps8l3;Eps8l3
Atp8a1;Atp8a1
Blvrb;Blvrb
F13a1;F13a1
Vwa9;Vwa9
Ina;Ina
Spt1;Spt1
Tmem35;Tmem35
Tm7sf3;Tm7sf3
Fbxo15;Fbxo15
Slc24a1;Slc24a1
H1foo;H1foo
Snx2;Snx2
Rrbp1;Rrbp1
Tcfl5;Tcfl5
Pkp4;Pkp4
Txlnb;Txlnb
Prm2;Prm2
Krt25;Krt25
Smpx;Smpx
Gpi1;Gpi1
Lpp;Lpp
Ceacam10;Ceacam10
Catsper2;Catsper2
Cited2;Cited2
Atp2c1;Atp2c1
Tmem109;Tmem109
Isg20;Isg20
Esm1;Esm1
Mgarp;Mgarp
Agmat;Agmat
Mrap;Mrap
Darc;Darc
Ift122;Ift122
Gstt2;Gstt2
Bub1b;Bub1b
B4galnt2;B4galnt2
Id1;Id1
Jph1;Jph1
Parp12;Parp12
Akr1b8;Akr1b8
Pdk2;Pdk2
Mybph;Mybph
Fa2h;Fa2h
Crp;Crp
Nup54;Nup54
Spsb1;Spsb1
Ltbp4;Ltbp4
Dsc1;Dsc1
Csdc2;Csdc2
Lad1;Lad1
Inhbb;Inhbb
S100g;S100g
Ndn;Ndn
Ubd;Ubd
Spata6;Spata6
Emp3;Emp3
Lcat;Lcat
Hils1;Hils1
Abca3;Abca3
Apln;Apln
Serpini2;Serpini2
Tex19.1;Tex19.1
Galm;Galm
Ibtk;Ibtk
Dsc2;Dsc2
Atg5;Atg5
Sectm1b;Sectm1b
Gjb6;Gjb6
Pkp2;Pkp2
Hpn;Hpn
Igsf8;Igsf8
Resp18;Resp18
Fam63a;Fam63a
Fam50b;Fam50b
Xylb;Xylb
Cbr3;Cbr3
Ins1;Ins1
Plekhs1;Plekhs1
Osbpl11;Osbpl11
Aldh4a1;Aldh4a1
Zp3r;Zp3r
Pof1b;Pof1b
Fxyd1;Fxyd1
Upb1;Upb1
Tox;Tox
Iffo2;Iffo2
Hand2;Hand2
Elf1;Elf1
Mat2b;Mat2b
Znrd1as;Znrd1as
Trp63;Trp63
Spidr;Spidr
Kmo;Kmo
Edc4;Edc4
Frrs1;Frrs1
Macrod1;Macrod1
Gns;Gns
Atp6v0e2;Atp6v0e2
A930018P22Rik;A930018P22Rik
Ddx19a;Ddx19a
Chad;Chad
Aox4;Aox4
Mag;Mag
Parm1;Parm1
Crygs;Crygs
Fgf1;Fgf1
Ankrd54;Ankrd54
Mycbpap;Mycbpap
Nrap;Nrap
Mustn1;Mustn1
Fermt3;Fermt3
Psma8;Psma8
Tmem98;Tmem98
Anln;Anln
Hist1h1c;Hist1h1c
Erv3;Erv3
Slc6a20a;Slc6a20a
Nudt19;Nudt19
Akr1d1;Akr1d1
Aox3;Aox3
Fxyd2;Fxyd2
Smad6;Smad6
Myo1d;Myo1d
Neurod1;Neurod1
Muc1;Muc1
Abhd4;Abhd4
Aaas;Aaas
Cnppd1;Cnppd1
Muc3;Muc3
Pnmt;Pnmt
Tcl1;Tcl1
Ndrg4;Ndrg4
Lrg1;Lrg1
Polr2j;Polr2j
Serpine1;Serpine1
Sostdc1;Sostdc1
Vnn1;Vnn1
Pacrg;Pacrg
Islr;Islr
Mbnl3;Mbnl3
Srxn1;Srxn1
Fbln2;Fbln2
Ep400;Ep400
Enpp2;Enpp2
Taf4a;Taf4a
Tap1;Tap1
Btn1a1;Btn1a1
Dmkn;Dmkn
Hdac11;Hdac11
Tulp1;Tulp1
Cib2;Cib2
Fam189b;Fam189b
Grip1;Grip1
H2-DMb2;H2-DMb2
Dicer1;Dicer1
Iapp;Iapp
Antxr1;Antxr1
Slc51a;Slc51a
Foxq1;Foxq1
Cpq;Cpq
Calm4;Calm4
Ifi203;Ifi203
Itih2;Itih2
Qk;Qk
Ctnna1;Ctnna1
1110032A03Rik;1110032A03Rik
Ndufv1;Ndufv1
Mlc1;Mlc1
Tcp11;Tcp11
Aldh8a1;Aldh8a1
Npy6r;Npy6r
Afp;Afp
Slco1b2;Slco1b2
Uqcrfs1;Uqcrfs1
Nbl1;Nbl1
Smc4;Smc4
Sec23ip;Sec23ip
Car10;Car10
Tmem30b;Tmem30b
Cebpa;Cebpa
Baat;Baat
Serpina3k;Serpina3k
Itln1;Itln1
Edil3;Edil3
Ncoa6;Ncoa6
Gng12;Gng12
Coq10a;Coq10a
Rac2;Rac2
Hmha1;Hmha1
Cyp2s1;Cyp2s1
Dnajc12;Dnajc12
2310002J15Rik;2310002J15Rik
4930544G11Rik;4930544G11Rik
Asprv1;Asprv1
Zfp503;Zfp503
Eif5a;Eif5a
Srd5a2;Srd5a2
BC018507;BC018507
Cldn5;Cldn5
Phka1;Phka1
Gna11;Gna11
Tubg2;Tubg2
Serpinf2;Serpinf2
Lgals3bp;Lgals3bp
Esrp1;Esrp1
Capza3;Capza3
Scgb3a2;Scgb3a2
Ncapd2;Ncapd2
Scgb3a1;Scgb3a1
Wfs1;Wfs1
Timm8b;Timm8b
Asb17;Asb17
Hsd3b5;Hsd3b5
Rpl39l;Rpl39l
Rras;Rras
Spg20;Spg20
Alg2;Alg2
Serpina6;Serpina6
Cd79b;Cd79b
Nubp2;Nubp2
Sepw1;Sepw1
Aldh1b1;Aldh1b1
Guca2b;Guca2b
Crx;Crx
Hibch;Hibch
Inpp5j;Inpp5j
Col16a1;Col16a1
Lgals2;Lgals2
Ces1g;Ces1g
Helq;Helq
Ifi27l2b;Ifi27l2b
Ttc36;Ttc36
Neurod6;Neurod6
Rcan2;Rcan2
Svs2;Svs2
1700054O13Rik;1700054O13Rik
Cml2;Cml2
Crygd;Crygd
Apoc1;Apoc1
Grhpr;Grhpr
D1Pas1;D1Pas1
Dstyk;Dstyk
Wfdc5;Wfdc5
Ehbp1;Ehbp1
Rpl3l;Rpl3l
Rfpl4;Rfpl4
Acer2;Acer2
Ak5;Ak5
Tgfb2;Tgfb2
Bpgm;Bpgm
Ramp3;Ramp3
Adk;Adk
Pygb;Pygb
Tmcc2;Tmcc2
Ndufb10;Ndufb10
Melk;Melk
Smco4;Smco4
Cftr;Cftr
Akap12;Akap12
Galnt11;Galnt11
Slc32a1;Slc32a1
Pdk3;Pdk3
S100a10;S100a10
Rnf38;Rnf38
2810417H13Rik;2810417H13Rik
Hebp1;Hebp1
Cisd1;Cisd1
Pacsin1;Pacsin1
Fmo2;Fmo2
Fermt2;Fermt2
Zbed3;Zbed3
Rptn;Rptn
Bpifb5;Bpifb5
Avp;Avp
Fmo1;Fmo1
Elane;Elane
Astn1;Astn1
Lap3;Lap3
Sct;Sct
Cldn11;Cldn11
Pln;Pln
Pdlim7;Pdlim7
C1qa;C1qa
Fcrla;Fcrla
C1qc;C1qc
C1qb;C1qb
Apmap;Apmap
Dok4;Dok4
Gjb3;Gjb3
Apobec2;Apobec2
Scamp5;Scamp5
Cuzd1;Cuzd1
Gipc2;Gipc2
Spon1;Spon1
Nfya;Nfya
Kcnk1;Kcnk1
Tmem205;Tmem205
Misp;Misp
Chn2;Chn2
Hsd3b7;Hsd3b7
Fbxw4;Fbxw4
Cplx1;Cplx1
Tssk1;Tssk1
Slc22a2;Slc22a2
Cst10;Cst10
Cmtm8;Cmtm8
Btbd10;Btbd10
Klc3;Klc3
Nxt1;Nxt1
Rdh7;Rdh7
Rnf126;Rnf126
Lonp1;Lonp1
Mat1a;Mat1a
Mboat1;Mboat1
Kcnj1;Kcnj1
Spag1;Spag1
Atf5;Atf5
Kcne2;Kcne2
Tie1;Tie1
AU040320;AU040320
Mansc1;Mansc1
Fam151a;Fam151a
Gpbp1;Gpbp1
Tspan14;Tspan14
Fignl1;Fignl1
Stx3;Stx3
Irf8;Irf8
Upk2;Upk2
Abcb1a;Abcb1a
Cldn10;Cldn10
Neil3;Neil3
Acad11;Acad11
Dpp4;Dpp4
Pla2g6;Pla2g6
Mbp;Mbp
Arhgef1;Arhgef1
Atp1b2;Atp1b2
Tiparp;Tiparp
Acsm1;Acsm1
Tspyl4;Tspyl4
Fbxo2;Fbxo2
Dhcr24;Dhcr24
Dmgdh;Dmgdh
5330417C22Rik;5330417C22Rik
Stag3;Stag3
Kap;Kap
Tmem45b;Tmem45b
Greb1;Greb1
Bpifa2;Bpifa2
Fmod;Fmod
Pdcd7;Pdcd7
Ppp1r14a;Ppp1r14a
Haus1;Haus1
Aipl1;Aipl1
Oosp1;Oosp1
Fgb;Fgb
Egr2;Egr2
Ipo8;Ipo8
Prelp;Prelp
Plvap;Plvap
Marc1;Marc1
2010003K11Rik;2010003K11Rik
Abhd14b;Abhd14b
Pnliprp1;Pnliprp1
Prpmp5;Prpmp5
Sh3bgr;Sh3bgr
2210407C18Rik;2210407C18Rik
Gm5617;Gm5617
Tbr1;Tbr1
Klk1b26;Klk1b26
C8a;C8a
Cyp2c54;Cyp2c54
Prickle1;Prickle1
Znfx1;Znfx1
Anpep;Anpep
Ninj1;Ninj1
Txnip;Txnip
Dner;Dner
Bex2;Bex2
Snx10;Snx10
Sin3a;Sin3a
Cyp2c37;Cyp2c37
Tm6sf2;Tm6sf2
Gc;Gc
Kcnab1;Kcnab1
Map4k5;Map4k5
Lrrc20;Lrrc20
Sirpa;Sirpa
Fam53c;Fam53c
Lrrn1;Lrrn1
Ugt1a2;Ugt1a2
Itpr3;Itpr3
Kcne3;Kcne3
Csgalnact2;Csgalnact2
Zdhhc2;Zdhhc2
Clasp1;Clasp1
Tsga8;Tsga8
Prl3a1;Prl3a1
Exoc1;Exoc1
Prkar1a;Prkar1a
Dppa3;Dppa3
Cldn8;Cldn8
Tcf21;Tcf21
Scn3b;Scn3b
Scg2;Scg2
Hepacam2;Hepacam2
Stxbp1;Stxbp1
1700001O22Rik;1700001O22Rik
Nov;Nov
Six1;Six1
Dnajb4;Dnajb4
Adam5;Adam5
Ift20;Ift20
Tssk6;Tssk6
Sprr2f;Sprr2f
Pbp2;Pbp2
C87436;C87436
Cited1;Cited1
Spz1;Spz1
Kctd14;Kctd14
Slc22a17;Slc22a17
Trim32;Trim32
Prm3;Prm3
Apof;Apof
Stbd1;Stbd1
Defb1;Defb1
Krtap19-4;Krtap19-4
Zg16;Zg16
Peg3;Peg3
Pfkm;Pfkm
Sptssb;Sptssb
Wfdc12;Wfdc12
4922502D21Rik;4922502D21Rik
Tnp2;Tnp2
Olfm3;Olfm3
Soat1;Soat1
Cldn4;Cldn4
Synpo2;Synpo2
Lce1h;Lce1h
Bst2;Bst2
Dntt;Dntt
Plekha4;Plekha4
Rasl11b;Rasl11b
Jak3;Jak3
Tle4;Tle4
Masp2;Masp2
Rbp1;Rbp1
Pard6b;Pard6b
Gjb1;Gjb1
Gsg2;Gsg2
Cxcr4;Cxcr4
Cbfb;Cbfb
Znrf4;Znrf4
Psapl1;Psapl1
Ranbp1;Ranbp1
Mc2r;Mc2r
Slc22a18;Slc22a18
Nup37;Nup37
Insl6;Insl6
Pdpk1;Pdpk1
C77080;C77080
1810011O10Rik;1810011O10Rik
H2afx;H2afx
Sc5d;Sc5d
Idh3g;Idh3g
Ppp1r17;Ppp1r17
Tmem123;Tmem123
Axin2;Axin2
Ormdl3;Ormdl3
Echdc2;Echdc2
D1Ertd622e;D1Ertd622e
Krtap13;Krtap13
Arf3;Arf3
Gprc5c;Gprc5c
Aspm;Aspm
Zfp574;Zfp574
Cdk5r1;Cdk5r1
Pptc7;Pptc7
Krtap19-5;Krtap19-5
Ngfrap1;Ngfrap1
Lingo1;Lingo1
Cox8c;Cox8c
Gimap6;Gimap6
Wdr36;Wdr36
Ggnbp1;Ggnbp1
Clrn3;Clrn3
Rlbp1;Rlbp1
Epb4.1l2;Epb4.1l2
Foxo1;Foxo1
Hmgb4;Hmgb4
Ddit4l;Ddit4l
Acy3;Acy3
Ermp1;Ermp1
Pmel;Pmel
Cyp4f14;Cyp4f14
2310057N15Rik;2310057N15Rik
Dclk1;Dclk1
Lce1l;Lce1l
Tbc1d8;Tbc1d8
Slc4a10;Slc4a10
Krtap1-5;Krtap1-5
Trap1a;Trap1a
Pqlc3;Pqlc3
Sprr1a;Sprr1a
Bag5;Bag5
Cts3;Cts3
Cldn2;Cldn2
Rnf112;Rnf112
Fdft1;Fdft1
Tpra1;Tpra1
Hcrt;Hcrt
Timd2;Timd2
Tceal1;Tceal1
Kcna1;Kcna1
Lrrc3b;Lrrc3b
Zfp106;Zfp106
Aqp3;Aqp3
Tssk2;Tssk2
Krtap3-1;Krtap3-1
Pcsk6;Pcsk6
Fasn;Fasn
S1pr1;S1pr1
Phf13;Phf13
Tsc22d3;Tsc22d3
Ywhag;Ywhag
Rbpms2;Rbpms2
Npdc1;Npdc1
Sbk1;Sbk1
Csl;Csl
Tmem37;Tmem37
Dlk1;Dlk1
Pacsin2;Pacsin2
Sptssa;Sptssa
Krt34;Krt34
Rbfox1;Rbfox1
Tubb2a;Tubb2a
Slc6a5;Slc6a5
Hdhd1a;Hdhd1a
Dnmt3b;Dnmt3b
BC089491;BC089491
Olig1;Olig1
Cmtr2;Cmtr2
Patz1;Patz1
Akap4;Akap4
Slc34a1;Slc34a1
Nup62;Nup62
Mtch2;Mtch2
Dnajb7;Dnajb7
Pnlip;Pnlip
Nup160;Nup160
Ankrd46;Ankrd46
Lamp5;Lamp5
Wwc2;Wwc2
Arxes1;Arxes1
Tex40;Tex40
Psg23;Psg23
Pdha2;Pdha2
Nrsn1;Nrsn1
Ugt8a;Ugt8a
Mcm2;Mcm2
Gm5436;Gm5436
Arxes2;Arxes2
Bex1;Bex1
Sprr3;Sprr3
Lor;Lor
Eps8;Eps8
Ugt1a7c;Ugt1a7c
C1galt1c1;C1galt1c1
Pgm2;Pgm2
Paip2b;Paip2b
Tmed3;Tmed3
Med26;Med26
Fbxo43;Fbxo43
Lao1;Lao1
Cd24a;Cd24a
Basp1;Basp1
Pdzk1;Pdzk1
Chchd10;Chchd10
Lxn;Lxn
Krtap4-2;Krtap4-2
Slc12a8;Slc12a8
Upp2;Upp2
Prr15;Prr15
F2r;F2r
Guca1a;Guca1a
Atg9b;Atg9b
Mat2a;Mat2a
Edem3;Edem3
Nap1l5;Nap1l5
Psmd8;Psmd8
Gk2;Gk2
2310061I04Rik;2310061I04Rik
Dsg2;Dsg2
Kcnb1;Kcnb1
Adig;Adig
Pltp;Pltp
Gulo;Gulo
Actrt2;Actrt2
Cpox;Cpox
Cldn23;Cldn23
Olfr78;Olfr78
Gpm6b;Gpm6b
Tshz1;Tshz1
Trim34a;Trim34a
Golph3l;Golph3l
Gjb4;Gjb4
Ccndbp1;Ccndbp1
Krtap13-1;Krtap13-1
Trim10;Trim10
Ccer1;Ccer1
Ubqln2;Ubqln2
S100a1;S100a1
Bhlha15;Bhlha15
Apon;Apon
Gpa33;Gpa33
Cntnap2;Cntnap2
Tesk1;Tesk1
Aqp9;Aqp9
Gpcpd1;Gpcpd1
Kcna5;Kcna5
Sorl1;Sorl1
Rtn4;Rtn4
Ccdc80;Ccdc80
D3Bwg0562e;D3Bwg0562e
Ptprcap;Ptprcap
Crlf3;Crlf3
Cep112;Cep112
Atp13a3;Atp13a3
Phgr1;Phgr1
Fam46c;Fam46c
Pcdh20;Pcdh20
Prss32;Prss32
Cd14;Cd14
Dnajb8;Dnajb8
Stard13;Stard13
Cdca4;Cdca4
Rilpl1;Rilpl1
Sprr1b;Sprr1b
Nucks1;Nucks1
Cyp8b1;Cyp8b1
Tdrp;Tdrp
Hamp;Hamp
Krtap9-3;Krtap9-3
Hoxb13;Hoxb13
Acpp;Acpp
Loh12cr1;Loh12cr1
Cetn1;Cetn1
Lect2;Lect2
Tmem53;Tmem53
Mier2;Mier2
Fam13c;Fam13c
Cenpe;Cenpe
Iqcf3;Iqcf3
Bcl2l15;Bcl2l15
Glb1;Glb1
Chi3l3;Chi3l3
Fyn;Fyn
Defb6;Defb6
Gstz1;Gstz1
Pabpc2;Pabpc2
Agt;Agt
Ppargc1b;Ppargc1b
Cox6b2;Cox6b2
Ptprr;Ptprr
Rspo2;Rspo2
Spats2;Spats2
Atp6v1a;Atp6v1a
Acsm3;Acsm3
Cd177;Cd177
Syt1;Syt1
Fpr2;Fpr2
Cdc42se2;Cdc42se2
Actn2;Actn2
Rgs17;Rgs17
Mogat2;Mogat2
Ezr;Ezr
Tchh;Tchh
Glcci1;Glcci1
Aatk;Aatk
Rnf185;Rnf185
Ncmap;Ncmap
Adam17;Adam17
Meig1;Meig1
Serpinc1;Serpinc1
Mfap4;Mfap4
Egr1;Egr1
Nup107;Nup107
Cpn2;Cpn2
Nrk;Nrk
Prkcb;Prkcb
Ghrl;Ghrl
Tmcc3;Tmcc3
C2cd2l;C2cd2l
Gas1;Gas1
Cib1;Cib1
P2ry14;P2ry14
Cd8b1;Cd8b1
Yap1;Yap1
Ikzf1;Ikzf1
Prx;Prx
Nrgn;Nrgn
Atp6v1e2;Atp6v1e2
Chst1;Chst1
Sp3;Sp3
Bcl11b;Bcl11b
Smagp;Smagp
Abcg5;Abcg5
Gykl1;Gykl1
Ddc;Ddc
Ech1;Ech1
Kcnk3;Kcnk3
Alas2;Alas2
Mpp4;Mpp4
Ctsd;Ctsd
Nudt7;Nudt7
Npr3;Npr3
Sds;Sds
Acox1;Acox1
Car8;Car8
Dmp1;Dmp1
Cd8a;Cd8a
Pkp3;Pkp3
Pfn2;Pfn2
Gpsm1;Gpsm1
Kcnn2;Kcnn2
Phactr1;Phactr1
Klf1;Klf1
Esr1;Esr1
Lpin1;Lpin1
Fam220a;Fam220a
Fgfr3;Fgfr3
Kif21a;Kif21a
Arfgap3;Arfgap3
Sox4;Sox4
Lck;Lck
Gfap;Gfap
Cadps;Cadps
Fabp1;Fabp1
Gimap4;Gimap4
Tmem62;Tmem62
Ccser2;Ccser2
Mettl7a1;Mettl7a1
Pld1;Pld1
Cbs;Cbs
Klf2;Klf2
Msra;Msra
Cadm4;Cadm4
Top2a;Top2a
Stfa3;Stfa3
Atp6v1g2;Atp6v1g2
Ak1;Ak1
Atl2;Atl2
H2-Q10;H2-Q10
Cyp3a25;Cyp3a25
Farsb;Farsb
Terf2;Terf2
5033411D12Rik;5033411D12Rik
Gja1;Gja1
Calcoco2;Calcoco2
Wdr6;Wdr6
Cdc42ep3;Cdc42ep3
Ang;Ang
Akr1cl;Akr1cl
Dmrtb1;Dmrtb1
Acp5;Acp5
Dach1;Dach1
Itgb5;Itgb5
Gpc3;Gpc3
Ctage5;Ctage5
Slain1;Slain1
Rras2;Rras2
Ghr;Ghr
Abcd2;Abcd2
Xrcc6;Xrcc6
Tescl;Tescl
Pou2f1;Pou2f1
Per2;Per2
Kat6b;Kat6b
Fmr1nb;Fmr1nb
Lep;Lep
Fut2;Fut2
Mia3;Mia3
S100a8;S100a8
Gcnt2;Gcnt2
S100a9;S100a9
Ppp3ca;Ppp3ca
Atad1;Atad1
Synpr;Synpr
Ttk;Ttk
Siah2;Siah2
Penk;Penk
Prss2;Prss2
Scn11a;Scn11a
Cebpb;Cebpb
1700001K19Rik;1700001K19Rik
Rell2;Rell2
Gabrg2;Gabrg2
Slc39a6;Slc39a6
Mpz;Mpz
1100001G20Rik;1100001G20Rik
Cmbl;Cmbl
Elmod3;Elmod3
Capg;Capg
Hemgn;Hemgn
Alox5ap;Alox5ap
Tubb4a;Tubb4a
Tek;Tek
Pygl;Pygl
Elovl6;Elovl6
Ctsj;Ctsj
Tnnt1;Tnnt1
Iqgap3;Iqgap3
Camk2g;Camk2g
Hpcal1;Hpcal1
Car12;Car12
Ero1lb;Ero1lb
Mfap2;Mfap2
Mia;Mia
Tle6;Tle6
St6galnac6;St6galnac6
Ccnb1;Ccnb1
Klk1b8;Klk1b8
Krtap8-1;Krtap8-1
Vsnl1;Vsnl1
Ugt3a2;Ugt3a2
Prepl;Prepl
Lhb;Lhb
Csn1s2b;Csn1s2b
Ube2d2b;Ube2d2b
Hvcn1;Hvcn1
Tmigd1;Tmigd1
Ms4a4c;Ms4a4c
Ms4a10;Ms4a10
Col18a1;Col18a1
Cyp2d10;Cyp2d10
Ugt2b38;Ugt2b38
Eno3;Eno3
Lrrc16a;Lrrc16a
Lancl2;Lancl2
Lgals9;Lgals9
Cxcl12;Cxcl12
Ugt1a1;Ugt1a1
4933415F23Rik;4933415F23Rik
Pgrmc1;Pgrmc1
Ctse;Ctse
Slc39a4;Slc39a4
Lct;Lct
Klk1b24;Klk1b24
Ugt1a9;Ugt1a9
Akr7a5;Akr7a5
Dhcr7;Dhcr7
Krt33b;Krt33b
Fxyd7;Fxyd7
Ace2;Ace2
Alas1;Alas1
Prom1;Prom1
Aldh3a2;Aldh3a2
Lce1a1;Lce1a1
Myo5b;Myo5b
Slc6a15;Slc6a15
Ndufaf3;Ndufaf3
Cpne6;Cpne6
Thnsl2;Thnsl2
Calcrl;Calcrl
Osbpl1a;Osbpl1a
Klk1b5;Klk1b5
Irx2;Irx2
Stmn4;Stmn4
H2-Eb1;H2-Eb1
Acyp2;Acyp2
Krtap6-5;Krtap6-5
Hamp2;Hamp2
Gnai1;Gnai1
Gapdhs;Gapdhs
Glipr1;Glipr1
Hsph1;Hsph1
Tacc3;Tacc3
Plac1;Plac1
Dusp13;Dusp13
Pepd;Pepd
Ntm;Ntm
Cdyl;Cdyl
Krtap19-3;Krtap19-3
Ttr;Ttr
Pip;Pip
Gm10147;Gm10147
Btbd3;Btbd3
Mab21l1;Mab21l1
Cenph;Cenph
Cyp2a12;Cyp2a12
Sult2b1;Sult2b1
Glra1;Glra1
Ear5;Ear5
Ddx4;Ddx4
Mrpl42;Mrpl42
Msln;Msln
Tsnax;Tsnax
Mup4;Mup4
Saa2;Saa2
Pdzrn3;Pdzrn3
Crybb3;Crybb3
Ppp1r14d;Ppp1r14d
Rnf2;Rnf2
Krtap19-2;Krtap19-2
Nr6a1;Nr6a1
Tspan7;Tspan7
Csn1s2a;Csn1s2a
Gpr155;Gpr155
Irf6;Irf6
Fcgbp;Fcgbp
Ndufa3;Ndufa3
Nfix;Nfix
Iah1;Iah1
Cdc42ep5;Cdc42ep5
Ptpro;Ptpro
Gjc3;Gjc3
Sftpd;Sftpd
Ethe1;Ethe1
Ext1;Ext1
Klk1b4;Klk1b4
Scn1a;Scn1a
Obp2a;Obp2a
Col4a3bp;Col4a3bp
Calml3;Calml3
Krtap19-9b;Krtap19-9b
Cyp2b19;Cyp2b19
Cfi;Cfi
Trps1;Trps1
Sgcg;Sgcg
Tex101;Tex101
Dab2;Dab2
Rnf114;Rnf114
Cfl2;Cfl2
Skap2;Skap2
Dnm1;Dnm1
Emp2;Emp2
Krtap21-1;Krtap21-1
Trim31;Trim31
Kcnh1;Kcnh1
Rag1;Rag1
Cacna1h;Cacna1h
C1qbp;C1qbp
Aldoart1;Aldoart1
Cryba1;Cryba1
Ppp1r1b;Ppp1r1b
Klk1b1;Klk1b1
Kl;Kl
Vmn1r13;Vmn1r13
Abi1;Abi1
Aqp4;Aqp4
Scand1;Scand1
Chia;Chia
Krtap6-3;Krtap6-3
Plekhb1;Plekhb1
Nme5;Nme5
Cald1;Cald1
Fkbp5;Fkbp5
Ggta1;Ggta1
Tuba4a;Tuba4a
Aadat;Aadat
Nap1l3;Nap1l3
Cherp;Cherp
Ankrd61;Ankrd61
Exosc5;Exosc5
Gss;Gss
Nsmce2;Nsmce2
Tnfrsf11b;Tnfrsf11b
B3gnt5;B3gnt5
Myl3;Myl3
Gm10058;Gm10058
Ugt2a1/Ugt2a2;Ugt2a1/Ugt2a2
Klk1b27;Klk1b27
Srsf1;Srsf1
Lgals12;Lgals12
Reg1;Reg1
Fcer1g;Fcer1g
Nup93;Nup93
Unc13b;Unc13b
Zfand2a;Zfand2a
Egln2;Egln2
Slc4a2;Slc4a2
Aldoart2;Aldoart2
Rnase1;Rnase1
Epb4.1l3;Epb4.1l3
Klk11;Klk11
Tsks;Tsks
Akr1c20;Akr1c20
Mtss1;Mtss1
Cabyr;Cabyr
Hspa2;Hspa2
Gnas;Gnas
Scgb1b2;Scgb1b2
Cdhr5;Cdhr5
Lypd3;Lypd3
Tpbpb;Tpbpb
Pecam1;Pecam1
Atp1a3;Atp1a3
Krt17;Krt17
Lrp2;Lrp2
Defb4;Defb4
Mpeg1;Mpeg1
Impdh2;Impdh2
Apbb1;Apbb1
Ebf1;Ebf1
Blm;Blm
Krtap19-1;Krtap19-1
Adrb3;Adrb3
Lgals7;Lgals7
Kcnd2;Kcnd2
Ezh2;Ezh2
Ctnnd2;Ctnnd2
Myh6;Myh6
Syn1;Syn1
Ifitm6;Ifitm6
Hopx;Hopx
Odf1;Odf1
Erbb3;Erbb3
Chi3l1;Chi3l1
Gzmd;Gzmd
Max;Max
Mep1b;Mep1b
Mup5;Mup5
Col15a1;Col15a1
Sult4a1;Sult4a1
Csn2;Csn2
mt-Nd5;mt-Nd5
Sepp1;Sepp1
Dio1;Dio1
Gpx1;Gpx1
Dio2;Dio2
Ank1;Ank1
Cd209b;Cd209b
Cyp4a12a;Cyp4a12a
Cend1;Cend1
Oat;Oat
Mup3;Mup3
Acsm2;Acsm2
Fut9;Fut9
Scn10a;Scn10a
Crip2;Crip2
Pde2a;Pde2a
Tcl1b1;Tcl1b1
Usp19;Usp19
Arnt2;Arnt2
Ptpn21;Ptpn21
Hrc;Hrc
Coch;Coch
Klk1b3;Klk1b3
Klk1b21;Klk1b21
Klk8;Klk8
Arpc1b;Arpc1b
Caln1;Caln1
F5;F5
Gbas;Gbas
Piwil1;Piwil1
Bscl2;Bscl2
Scarb1;Scarb1
Glul;Glul
Fam129a;Fam129a
Icam1;Icam1
Col5a2;Col5a2
Fbxl12;Fbxl12
Dao;Dao
Cryba4;Cryba4
Serpinb7;Serpinb7
Serpinb5;Serpinb5
Man2a1;Man2a1
Pkd2;Pkd2
Tcf7;Tcf7
Mapk10;Mapk10
Slc22a7;Slc22a7
Cnga1;Cnga1
Nfxl1;Nfxl1
Tro;Tro
Vars;Vars
Capn6;Capn6
Ppp1r3c;Ppp1r3c
Adam23;Adam23
Kcnip4;Kcnip4
Tnxb;Tnxb
Col11a2;Col11a2
Tmem128;Tmem128
Lyar;Lyar
Boll;Boll
Gda;Gda
Aebp2;Aebp2
Htra3;Htra3
Gsg1;Gsg1
Gtf3c2;Gtf3c2
Krt86;Krt86
Sulf2;Sulf2
Aqp5;Aqp5
Obp1a;Obp1a
Tuba3a;Tuba3a
Ube2c;Ube2c
Slc15a1;Slc15a1
Blcap;Blcap
Htatsf1;Htatsf1
Ret;Ret
Atp2b2;Atp2b2
Tcp1;Tcp1
Rhox9;Rhox9
Gm10228;Gm10228
2310034C09Rik;2310034C09Rik
Cyp2d9;Cyp2d9
Gm5168;Gm5168
Cntn4;Cntn4
Uba3;Uba3
Pdxp;Pdxp
Mgll;Mgll
Cds2;Cds2
Reg3d;Reg3d
Eef1d;Eef1d
Chrac1;Chrac1
Rabggtb;Rabggtb
Itgb1;Itgb1
Aard;Aard
Pdlim5;Pdlim5
Ncald;Ncald
Adh7;Adh7
Asb14;Asb14
Rai14;Rai14
Pax6;Pax6
Camk2b;Camk2b
Fyb;Fyb
Myoz1;Myoz1
Gpr88;Gpr88
Ptprz1;Ptprz1
Tac1;Tac1
Ddx20;Ddx20
Slc43a3;Slc43a3
Hmgcs2;Hmgcs2
Pde4dip;Pde4dip
Gm128;Gm128
Hrnr;Hrnr
Lce1i;Lce1i
Syt11;Syt11
Rraga;Rraga
Flcn;Flcn
Prnp;Prnp
1700029F12Rik;1700029F12Rik
Cubn;Cubn
Nr2f1;Nr2f1
Prl2b1;Prl2b1
BC089597;BC089597
Col11a1;Col11a1
Ptprb;Ptprb
Ank3;Ank3
Vps26a;Vps26a
Sgpl1;Sgpl1
Krtap3-3;Krtap3-3
Tmem100;Tmem100
Fbp1;Fbp1
Cyfip2;Cyfip2
Spdl1;Spdl1
Cngb1;Cngb1
Grb10;Grb10
H2afv;H2afv
Nefh;Nefh
Sugp2;Sugp2
Spock3;Spock3
Pls1;Pls1
Cd109;Cd109
Myo15b;Myo15b
Cdc27;Cdc27
Serpinh1;Serpinh1
Cldn3;Cldn3
Ndnl2;Ndnl2
Car1;Car1
Selm;Selm
Csn1s1;Csn1s1
Gtsf1l;Gtsf1l
Slc34a2;Slc34a2
Ceacam11;Ceacam11
Gad1;Gad1
Actl7a;Actl7a
Actl7b;Actl7b
Cmip;Cmip
Wdr20a;Wdr20a
Akap3;Akap3
Susd2;Susd2
Slc10a1;Slc10a1
Trdn;Trdn
Moxd1;Moxd1
Pole4;Pole4
Grid2;Grid2
Prss3;Prss3
Abi3bp;Abi3bp
Tagln3;Tagln3
Cpa2;Cpa2
Ccdc136;Ccdc136
Cep55;Cep55
Asah2;Asah2
Rom1;Rom1
Ubxn1;Ubxn1
Gspt2;Gspt2
Gm5169;Gm5169
Myadm;Myadm
Reg3b;Reg3b
Slx;Slx
38596;38596
Prkce;Prkce
Col6a3;Col6a3
Ugt1a5;Ugt1a5
Idh1;Idh1
Ggh;Ggh
Omp;Omp
Cpeb1;Cpeb1
Scap;Scap
Krtdap;Krtdap
Tnni3;Tnni3
Smcp;Smcp
S100a16;S100a16
Mbnl1;Mbnl1
Mgst2;Mgst2
1700034I23Rik;1700034I23Rik
Mafb;Mafb
Sox2;Sox2
Kif5a;Kif5a
Zcchc3;Zcchc3
Cd93;Cd93
Thbd;Thbd
Papolb;Papolb
Sorbs1;Sorbs1
Gprin1;Gprin1
C78339;C78339
Mis18a;Mis18a
Tjp2;Tjp2
Fibin;Fibin
B3galnt2;B3galnt2
Prep;Prep
Ttc30b;Ttc30b
Fgf12;Fgf12
Igf2bp2;Igf2bp2
Egfl7;Egfl7
Prkcg;Prkcg
Mapt;Mapt
Sgca;Sgca
Sla;Sla
Oas1e;Oas1e
Selplg;Selplg
Ccnk;Ccnk
Serpina3m;Serpina3m
Klhl5;Klhl5
Sod3;Sod3
Reg3a;Reg3a
Cylc1;Cylc1
Mad2l1;Mad2l1
Atoh1;Atoh1
Ptn;Ptn
Limk2;Limk2
Gm14819;Gm14819
Gm10486;Gm10486
Gm14632;Gm14632
Gm10488;Gm10488
Gm5935;Gm5935
Msrb1;Msrb1
Vimp;Vimp
B2m;B2m
Cela2a;Cela2a
Hspb7;Hspb7
Epb4.2;Epb4.2
Ece1;Ece1
Cela3b;Cela3b
Tcea3;Tcea3
Gale;Gale
Kctd10;Kctd10
Ak2;Ak2
Myocd;Myocd
Oxct2a;Oxct2a
Pde1a;Pde1a
Mog;Mog
Chn1;Chn1
Cdca7;Cdca7
Cyp4b1;Cyp4b1
Abcb11;Abcb11
Stk39;Stk39
Elavl4;Elavl4
Gcg;Gcg
Vdac1;Vdac1
Myh7;Myh7
Gap43;Gap43
Ppp3r1;Ppp3r1
Txndc8;Txndc8
Abo;Abo
Wap;Wap
Clic3;Clic3
Myl7;Myl7
Aebp1;Aebp1
Tdrd7;Tdrd7
Gne;Gne
Asph;Asph
BC100451;BC100451
Tcea2;Tcea2
Stmn3;Stmn3
Gh;Gh
Nsf;Nsf
Nbr1;Nbr1
Aoc3;Aoc3
Cnp;Cnp
Krt35;Krt35
Dsn1;Dsn1
Krt10;Krt10
Lpo;Lpo
Car4;Car4
Ube4b;Ube4b
Nppa;Nppa
Nppb;Nppb
Trbv5;Trbv5
Ighg2c;Ighg2c
Ighg2b;Ighg2b
Trac;Trac
Iglv1;Iglv1
Nrarp;Nrarp
H2afb1;H2afb1
Mos;Mos
Kitl;Kitl
Reep6;Reep6
Dos;Dos
Col10a1;Col10a1
Ahi1;Ahi1
Arid1a;Arid1a
Tinagl1;Tinagl1
Sez6l2;Sez6l2
Sult1a1;Sult1a1
Folr1;Folr1
Eed;Eed
Ramp2;Ramp2
Idh2;Idh2
Mesp2;Mesp2
Krt36;Krt36
Krtap4-16;Krtap4-16
Fam174b;Fam174b
Slc44a1;Slc44a1
Fbxw7;Fbxw7
Trim2;Trim2
Tmod1;Tmod1
Trim59;Trim59
Mbtd1;Mbtd1
Hspa4l;Hspa4l
Dcun1d1;Dcun1d1
Wdr62;Wdr62
Ect2;Ect2
Tlcd2;Tlcd2
Slc1a5;Slc1a5
Snx18;Snx18
Slpi;Slpi
Brd1;Brd1
Top1;Top1
Snhg11;Snhg11
Cyp2d34;Cyp2d34
Nnat;Nnat
Vstm2a;Vstm2a
Macrod2;Macrod2
Serpinb6c;Serpinb6c
Ropn1l;Ropn1l
Shf;Shf
Sord;Sord
Lrr1;Lrr1
Oxct1;Oxct1
Muc15;Muc15
Ntsr2;Ntsr2
Znhit1;Znhit1
Lmo2;Lmo2
Pom121;Pom121
Ifi204;Ifi204
Tagln2;Tagln2
Pcp4l1;Pcp4l1
Mybpc3;Mybpc3
Creg1;Creg1
C1qtnf4;C1qtnf4
Diablo;Diablo
Arntl2;Arntl2
Ssfa2;Ssfa2
Slco1a6;Slco1a6
Plekha3;Plekha3
Camp;Camp
Cacna1s;Cacna1s
Pzp;Pzp
Vwf;Vwf
Mta3;Mta3
Acrbp;Acrbp
Daf2;Daf2
Ly75;Ly75
Dpy30;Dpy30
Evi5;Evi5
Col4a5;Col4a5
Cntf;Cntf
1190002N15Rik;1190002N15Rik
Mapkap1;Mapkap1
G3bp2;G3bp2
Ugt1a6b;Ugt1a6b
Ugt1a8;Ugt1a8
Ugt1a10;Ugt1a10
Mtmr14;Mtmr14
Slc4a4;Slc4a4
Sult1d1;Sult1d1
Slc22a12;Slc22a12
Gfpt1;Gfpt1
Tpm1;Tpm1
Arr3;Arr3
Igsf5;Igsf5
Wdr5;Wdr5
Dnase1l1;Dnase1l1
Psmb9;Psmb9
Snca;Snca
Rcn2;Rcn2
H2-K1;H2-K1
Tprn;Tprn
Renbp;Renbp
Btg4;Btg4
Pglyrp2;Pglyrp2
Il1rn;Il1rn
Cadm1;Cadm1
Arhgap21;Arhgap21
Pi16;Pi16
Agbl5;Agbl5
Ephb6;Ephb6
Fstl1;Fstl1
Celf2;Celf2
Gng13;Gng13
Synpo;Synpo
Rab3d;Rab3d
Slc12a2;Slc12a2
Steap4;Steap4
Dync1i1;Dync1i1
Ammecr1l;Ammecr1l
Dtna;Dtna
Tmlhe;Tmlhe
Cyth3;Cyth3
Klkb1;Klkb1
Wbp11;Wbp11
Oas1c;Oas1c
Ncapg;Ncapg
Msn;Msn
Creb3l3;Creb3l3
1700052N19Rik;1700052N19Rik
Ttc3;Ttc3
Gyg;Gyg
Psg16;Psg16
Gm2003;Gm2003
Cth;Cth
Tpm3;Tpm3
Otx2;Otx2
Sycn;Sycn
Gm6121;Gm6121
Gm4297;Gm4297
Gm7421;Gm7421
Gm10230;Gm10230
Gm2030;Gm2030
Gm14525;Gm14525
Ctsf;Ctsf
Rsl1d1;Rsl1d1
Dnajb3;Dnajb3
Pgap2;Pgap2
Gm1993;Gm1993
Lmo4;Lmo4
Gm5934;Gm5934
Slc5a4b;Slc5a4b
Gm15210;Gm15210
Gm7365;Gm7365
Pvrl3;Pvrl3
Tbata;Tbata
Plagl1;Plagl1
Reep1;Reep1
Nap1l2;Nap1l2
Gm2012;Gm2012
2210409E12Rik;2210409E12Rik
Cfp;Cfp
Sit1;Sit1
Macf1;Macf1
1190005I06Rik;1190005I06Rik
Dda1;Dda1
Ube2j1;Ube2j1
Usp48;Usp48
Ugdh;Ugdh
Ipo4;Ipo4
Mllt3;Mllt3
Reps1;Reps1
Glrx2;Glrx2
Hsd17b4;Hsd17b4
Saa1;Saa1
Sag;Sag
Mtx1;Mtx1
Art3;Art3
Sptan1;Sptan1
Ccdc101;Ccdc101
Gm20547;Gm20547
Sema3e;Sema3e
Odf4;Odf4
Crem;Crem
Atp5g3;Atp5g3
Ide;Ide
Lrrc23;Lrrc23
Krtcap2;Krtcap2
Clcnkb;Clcnkb
Dnajc21;Dnajc21
Akap10;Akap10
Pmpcb;Pmpcb
Itpr2;Itpr2
Hap1;Hap1
Pcca;Pcca
Ankef1;Ankef1
Tspan17;Tspan17
Rasd2;Rasd2
Cers1;Cers1
Cd55;Cd55
Setd4;Setd4
Csn3;Csn3
Emg1;Emg1
Zfp91;Zfp91
4930430A15Rik;4930430A15Rik
Lgals3;Lgals3
Smg8;Smg8
Ranbp9;Ranbp9
Satb1;Satb1
Cenpa;Cenpa
Map2k7;Map2k7
Cnot6;Cnot6
Slmap;Slmap
Strn;Strn
BC028528;BC028528
Rimklb;Rimklb
Arl4a;Arl4a
Ccdc6;Ccdc6
Khdc1b;Khdc1b
Rasl2-9;Rasl2-9
Tnfaip8;Tnfaip8
Serf2;Serf2
Rsph9;Rsph9
Srp14;Srp14
Msi1;Msi1
Ctsh;Ctsh
Crtap;Crtap
Wdr92;Wdr92
Laptm5;Laptm5
Rif1;Rif1
Flii;Flii
Rell1;Rell1
Tpmt;Tpmt
Toe1;Toe1
Pxmp2;Pxmp2
Pnpla7;Pnpla7
Cnot6l;Cnot6l
Trim3;Trim3
Tm7sf2;Tm7sf2
Asl;Asl
Ctnna2;Ctnna2
Vmn2r88;Vmn2r88
Hgd;Hgd
4933417A18Rik;4933417A18Rik
Kcnc1;Kcnc1
Sucla2;Sucla2
Reln;Reln
Hsd11b1;Hsd11b1
Cml1;Cml1
Auts2;Auts2
Ces4a;Ces4a
Tnnc1;Tnnc1
Fam126b;Fam126b
E330034G19Rik;E330034G19Rik
Atp5j2;Atp5j2
Hmgn3;Hmgn3
Fancc;Fancc
Mob4;Mob4
Nsmce4a;Nsmce4a
Gm16039;Gm16039
Znhit2;Znhit2
Muc5ac;Muc5ac
Ubl7;Ubl7
2310050C09Rik;2310050C09Rik
Ccr9;Ccr9
AI317395;AI317395
Cdh16;Cdh16
Mest;Mest
Cul3;Cul3
Pcid2;Pcid2
S100a14;S100a14
Phlda1;Phlda1
Tmem191c;Tmem191c
Pdc;Pdc
Muc5b;Muc5b
Rhbg;Rhbg
Anp32e;Anp32e
Grtp1;Grtp1
Gdf1;Gdf1
40422;40422
Eif5;Eif5
Carns1;Carns1
Iqgap1;Iqgap1
Ube2d2a;Ube2d2a
Endod1;Endod1
Cyp11b2;Cyp11b2
Banp;Banp
Rab3c;Rab3c
Idh3a;Idh3a
Slco1a1;Slco1a1
Nrep;Nrep
Syn2;Syn2
Mtfr2;Mtfr2
Tns1;Tns1
Gcnt1;Gcnt1
Rbm7;Rbm7
Dnah8;Dnah8
Pcdh10;Pcdh10
Mcm3ap;Mcm3ap
Prol1;Prol1
Lox;Lox
Proc;Proc
Kcnn4;Kcnn4
Tpi1;Tpi1
Calm3;Calm3
Hspa1b;Hspa1b
H2-D1;H2-D1
Uncx;Uncx
Otud4;Otud4
Ly6g6c;Ly6g6c
Nelfe;Nelfe
Mobp;Mobp
Lsm2;Lsm2
Magohb;Magohb
Gm20604;Gm20604
Kmt2c;Kmt2c
Cntrob;Cntrob
Rnf141;Rnf141
Gm10487;Gm10487
Lhx8;Lhx8
Atp2a2;Atp2a2
Gm10096;Gm10096
Gm2092;Gm2092
Gm21967;Gm21967
Gm14527;Gm14527
Prss35;Prss35
Rhox5;Rhox5
Hmgcs1;Hmgcs1
Gm4836;Gm4836
Gm2759;Gm2759
Gm6113;Gm6113
NA;NA
Rpgrip1;Rpgrip1
Gm27021;Gm27021
Ndfip2;Ndfip2
Sftpb;Sftpb
Baiap3;Baiap3
Dclre1a;Dclre1a
Pclo;Pclo
Nucb2;Nucb2
Cacng6;Cacng6
Dst;Dst
Nfs1;Nfs1
