"0","#Install corresponding packages"
"0","# Bioconductor"
"0","library(affy)"
"2","Lade nÃ¶tiges Paket: BiocGenerics
"
"2","
Attache Paket: â€˜BiocGenericsâ€™

"
"2","Die folgenden Objekte sind maskiert von â€˜package:statsâ€™:

    IQR, mad, sd, var, xtabs

"
"2","Die folgenden Objekte sind maskiert von â€˜package:baseâ€™:

    anyDuplicated, append, as.data.frame, basename, cbind, colnames, dirname,
    do.call, duplicated, eval, evalq, Filter, Find, get, grep, grepl, intersect,
    is.unsorted, lapply, Map, mapply, match, mget, order, paste, pmax, pmax.int,
    pmin, pmin.int, Position, rank, rbind, Reduce, rownames, sapply, setdiff, sort,
    table, tapply, union, unique, unsplit, which.max, which.min

"
"2","Lade nÃ¶tiges Paket: Biobase
"
"2","Welcome to Bioconductor

    Vignettes contain introductory material; view with 'browseVignettes()'. To cite
    Bioconductor, see 'citation(""Biobase"")', and for packages
    'citation(""pkgname"")'.

"
"0","library(vsn)"
"0","library(AnnotationDbi)"
"2","Lade nÃ¶tiges Paket: stats4
"
"2","Lade nÃ¶tiges Paket: IRanges
"
"2","Lade nÃ¶tiges Paket: S4Vectors
"
"2","
Attache Paket: â€˜S4Vectorsâ€™

"
"2","Die folgenden Objekte sind maskiert von â€˜package:baseâ€™:

    expand.grid, I, unname

"
"2","
Attache Paket: â€˜IRangesâ€™

"
"2","Das folgende Objekt ist maskiert â€˜package:grDevicesâ€™:

    windows

"
"0","library(hgu133plus2hsenstcdf)"
"2","
"
"0","library(hgu133plus2hsenstprobe)"
"0","library(hexbin)"
"0","library(pheatmap)"
"0","library(rstudioapi)"
"0","library(tidyverse)"
"2","Registered S3 methods overwritten by 'dbplyr':
  method         from
  print.tbl_lazy     
  print.tbl_sql      
"
"2","[37mâ”€â”€ [1mAttaching packages[22m â”€â”€â”€â”€â”€â”€â”€â”€â”€â”€â”€â”€â”€â”€â”€â”€â”€â”€â”€â”€â”€â”€â”€â”€â”€â”€â”€â”€â”€â”€â”€â”€â”€â”€â”€â”€â”€â”€â”€â”€â”€â”€â”€â”€â”€â”€â”€â”€â”€â”€â”€â”€â”€ tidyverse 1.3.1 â”€â”€[39m
"
"2","[37m[32mâœ”[37m [34mggplot2[37m 3.3.6     [32mâœ”[37m [34mpurrr  [37m 0.3.4
[32mâœ”[37m [34mtibble [37m 3.1.7     [32mâœ”[37m [34mdplyr  [37m 1.0.9
[32mâœ”[37m [34mtidyr  [37m 1.2.0     [32mâœ”[37m [34mstringr[37m 1.4.0
[32mâœ”[37m [34mreadr  [37m 2.1.2     [32mâœ”[37m [34mforcats[37m 0.5.1[39m
"
"2","[37mâ”€â”€ [1mConflicts[22m â”€â”€â”€â”€â”€â”€â”€â”€â”€â”€â”€â”€â”€â”€â”€â”€â”€â”€â”€â”€â”€â”€â”€â”€â”€â”€â”€â”€â”€â”€â”€â”€â”€â”€â”€â”€â”€â”€â”€â”€â”€â”€â”€â”€â”€â”€â”€â”€â”€â”€â”€â”€â”€â”€â”€â”€ tidyverse_conflicts() â”€â”€
[31mâœ–[37m [34mdplyr[37m::[32mcollapse()[37m   masks [34mIRanges[37m::collapse()
[31mâœ–[37m [34mdplyr[37m::[32mcombine()[37m    masks [34mBiobase[37m::combine(), [34mBiocGenerics[37m::combine()
[31mâœ–[37m [34mdplyr[37m::[32mdesc()[37m       masks [34mIRanges[37m::desc()
[31mâœ–[37m [34mtidyr[37m::[32mexpand()[37m     masks [34mS4Vectors[37m::expand()
[31mâœ–[37m [34mdplyr[37m::[32mfilter()[37m     masks [34mstats[37m::filter()
[31mâœ–[37m [34mdplyr[37m::[32mfirst()[37m      masks [34mS4Vectors[37m::first()
[31mâœ–[37m [34mdplyr[37m::[32mlag()[37m        masks [34mstats[37m::lag()
[31mâœ–[37m [34mggplot2[37m::[32mPosition()[37m masks [34mBiocGenerics[37m::Position(), [34mbase[37m::Position()
[31mâœ–[37m [34mpurrr[37m::[32mreduce()[37m     masks [34mIRanges[37m::reduce()
[31mâœ–[37m [34mdplyr[37m::[32mrename()[37m     masks [34mS4Vectors[37m::rename()
[31mâœ–[37m [34mdplyr[37m::[32mselect()[37m     masks [34mAnnotationDbi[37m::select()
[31mâœ–[37m [34mdplyr[37m::[32mslice()[37m      masks [34mIRanges[37m::slice()[39m
"
