"0","library(affy)"
"0","library(vsn)"
"0","library(AnnotationDbi)"
"2","Lade nÃ¶tiges Paket: stats4
"
"2","Lade nÃ¶tiges Paket: IRanges
"
"2","Lade nÃ¶tiges Paket: S4Vectors
"
"2","
Attache Paket: â€˜S4Vectorsâ€™

"
"2","Die folgenden Objekte sind maskiert von â€˜package:baseâ€™:

    expand.grid, I, unname

"
"2","
Attache Paket: â€˜IRangesâ€™

"
"2","Das folgende Objekt ist maskiert â€˜package:grDevicesâ€™:

    windows

"
"0","library(moe430ammenstcdf)"
"2","
"
"0","library(moe430ammenstprobe)"
"0","library(cluster)"
"0","library(dplyr)"
"2","
Attache Paket: â€˜dplyrâ€™

"
"2","Das folgende Objekt ist maskiert â€˜package:AnnotationDbiâ€™:

    select

"
"2","Die folgenden Objekte sind maskiert von â€˜package:IRangesâ€™:

    collapse, desc, intersect, setdiff, slice, union

"
"2","Die folgenden Objekte sind maskiert von â€˜package:S4Vectorsâ€™:

    first, intersect, rename, setdiff, setequal, union

"
"2","Das folgende Objekt ist maskiert â€˜package:Biobaseâ€™:

    combine

"
"2","Die folgenden Objekte sind maskiert von â€˜package:BiocGenericsâ€™:

    combine, intersect, setdiff, union

"
"2","Die folgenden Objekte sind maskiert von â€˜package:statsâ€™:

    filter, lag

"
"2","Die folgenden Objekte sind maskiert von â€˜package:baseâ€™:

    intersect, setdiff, setequal, union

"
"0","library(hexbin)"
"0","library(pheatmap)"
"0","library(rstudioapi)"
"0","library(tidyverse)"
"2","Registered S3 methods overwritten by 'dbplyr':
  method         from
  print.tbl_lazy     
  print.tbl_sql      
"
"2","[37mâ”€â”€ [1mAttaching packages[22m â”€â”€â”€â”€â”€â”€â”€â”€â”€â”€â”€â”€â”€â”€â”€â”€â”€â”€â”€â”€â”€â”€â”€â”€â”€â”€â”€â”€â”€â”€â”€ tidyverse 1.3.1 â”€â”€[39m
"
"2","[37m[32mâœ”[37m [34mggplot2[37m 3.3.6     [32mâœ”[37m [34mpurrr  [37m 0.3.4
[32mâœ”[37m [34mtibble [37m 3.1.7     [32mâœ”[37m [34mstringr[37m 1.4.0
[32mâœ”[37m [34mtidyr  [37m 1.2.0     [32mâœ”[37m [34mforcats[37m 0.5.1
[32mâœ”[37m [34mreadr  [37m 2.1.2     [39m
"
"2","[37mâ”€â”€ [1mConflicts[22m â”€â”€â”€â”€â”€â”€â”€â”€â”€â”€â”€â”€â”€â”€â”€â”€â”€â”€â”€â”€â”€â”€â”€â”€â”€â”€â”€â”€â”€â”€â”€â”€â”€â”€ tidyverse_conflicts() â”€â”€
[31mâœ–[37m [34mdplyr[37m::[32mcollapse()[37m   masks [34mIRanges[37m::collapse()
[31mâœ–[37m [34mdplyr[37m::[32mcombine()[37m    masks [34mBiobase[37m::combine(), [34mBiocGenerics[37m::combine()
[31mâœ–[37m [34mdplyr[37m::[32mdesc()[37m       masks [34mIRanges[37m::desc()
[31mâœ–[37m [34mtidyr[37m::[32mexpand()[37m     masks [34mS4Vectors[37m::expand()
[31mâœ–[37m [34mdplyr[37m::[32mfilter()[37m     masks [34mstats[37m::filter()
[31mâœ–[37m [34mdplyr[37m::[32mfirst()[37m      masks [34mS4Vectors[37m::first()
[31mâœ–[37m [34mdplyr[37m::[32mlag()[37m        masks [34mstats[37m::lag()
[31mâœ–[37m [34mggplot2[37m::[32mPosition()[37m masks [34mBiocGenerics[37m::Position(), [34mbase[37m::Position()
[31mâœ–[37m [34mpurrr[37m::[32mreduce()[37m     masks [34mIRanges[37m::reduce()
[31mâœ–[37m [34mdplyr[37m::[32mrename()[37m     masks [34mS4Vectors[37m::rename()
[31mâœ–[37m [34mdplyr[37m::[32mselect()[37m     masks [34mAnnotationDbi[37m::select()
[31mâœ–[37m [34mdplyr[37m::[32mslice()[37m      masks [34mIRanges[37m::slice()[39m
"
"0","library(readr)"
"0","library(ggplot2)"
"0","library(knitr)"
"0","library(limma)"
"2","
Attache Paket: â€˜limmaâ€™

"
"2","Das folgende Objekt ist maskiert â€˜package:BiocGenericsâ€™:

    plotMA

"
"0","library(Rcpp)"
"0","library(icd.data)"
"0","library(tibble)"
